#PoseFX,#MjRodriguez,49
#PoseFX,#IndyaMoore,49
#PoseFX,#DomoniqueJackson,49
#PoseFX,#AngelicaRoss,49
#PoseFX,#HailieSahar,49
#PoseFX,#AlexiaGarcia,49
#PoseFX,#relationships,7
#PoseFX,#petpeeves,7
#PoseFX,#toowongfoo,7
#PoseFX,#mjrodriguez,7
#MjRodriguez,#IndyaMoore,49
#MjRodriguez,#DomoniqueJackson,49
#MjRodriguez,#AngelicaRoss,49
#MjRodriguez,#HailieSahar,49
#MjRodriguez,#AlexiaGarcia,49
#IndyaMoore,#DomoniqueJackson,49
#IndyaMoore,#AngelicaRoss,49
#IndyaMoore,#HailieSahar,49
#IndyaMoore,#AlexiaGarcia,49
#DomoniqueJackson,#AngelicaRoss,49
#DomoniqueJackson,#HailieSahar,49
#DomoniqueJackson,#AlexiaGarcia,49
#AngelicaRoss,#HailieSahar,49
#AngelicaRoss,#AlexiaGarcia,49
#HailieSahar,#AlexiaGarcia,49
#StopTheHate,#StopTheKillings,49
#StopTheHate,#LGBTQ,49
#StopTheHate,#truecrime,49
#StopTheHate,#houseofxtravaganza,49
#StopTheHate,#houseofdupree,49
#StopTheHate,#ColdCase,49
#StopTheHate,#Pride,9
#StopTheHate,#WontBeErased,9
#StopTheHate,#EqualityAct,5
#StopTheKillings,#LGBTQ,49
#StopTheKillings,#truecrime,49
#StopTheKillings,#houseofxtravaganza,49
#StopTheKillings,#houseofdupree,49
#StopTheKillings,#ColdCase,49
#LGBTQ,#truecrime,49
#LGBTQ,#houseofxtravaganza,49
#LGBTQ,#houseofdupree,49
#LGBTQ,#ColdCase,49
#LGBTQ,#mustread,2
#LGBTQ,#podcast,2
#LGBTQ,#TransRightsAreHumanRights,3
#LGBTQ,#LGBTQIAhours,1
#LGBTQ,#LGBTQIA,1
#LGBTQ,#TransLivesMatter,3
#LGBTQ,#transgirls,1
#LGBTQ,#TGirls,1
#LGBTQ,#tgirlsheaven,1
#LGBTQ,#Tgirladdict,1
#LGBTQ,#porn,1
#LGBTQ,#transexual,1
#LGBTQ,#holidays2020,1
#LGBTQ,#HolidaySeason,1
#LGBTQ,#translivesmatter,2
#LGBTQ,#Hulu,1
#LGBTQ,#heartbreaking,1
#LGBTQ,#TransIsBeautiful,1
#LGBTQ,#twitch,1
#LGBTQ,#Homeless,1
#LGBTQ,#BLM,1
#truecrime,#houseofxtravaganza,49
#truecrime,#houseofdupree,49
#truecrime,#ColdCase,49
#houseofxtravaganza,#houseofdupree,49
#houseofxtravaganza,#ColdCase,49
#houseofdupree,#ColdCase,49
#TransLivesMatter,#TransIsBeautiful,35
#TransLivesMatter,#blackTRANSlivesmatter,2
#TransLivesMatter,#disclosure,1
#TransLivesMatter,#TransGirls,1
#TransLivesMatter,#PornHub,1
#TransLivesMatter,#Transgender,1
#TransLivesMatter,#BlackTransLivesMatter,14
#TransLivesMatter,#BlackGayLivesMatter,1
#TransLivesMatter,#GayLivesMatter,1
#TransLivesMatter,#BlackLivesMatter,7
#TransLivesMatter,#LoveIsLove,1
#TransLivesMatter,#EQUALITY,1
#TransLivesMatter,#SAVEMAYA,15
#TransLivesMatter,#BarebackOnly,2
#TransLivesMatter,#barebackbottom,2
#TransLivesMatter,#love,2
#TransLivesMatter,#Respect,2
#TransLivesMatter,#TransWomenareWomen,2
#TransLivesMatter,#TransRightsAreHumanRights,19
#TransLivesMatter,#DisabledLivesMatter,3
#TransLivesMatter,#bbwebony,1
#TransLivesMatter,#mua,1
#TransLivesMatter,#pretty,1
#TransLivesMatter,#GamerGirl,1
#TransLivesMatter,#TransGamer,1
#TransLivesMatter,#GirlsRule,1
#TransLivesMatter,#Warzone,1
#TransLivesMatter,#Cod,1
#TransLivesMatter,#ComePlay,1
#TransLivesMatter,#gender,1
#TransLivesMatter,#binary,1
#TransLivesMatter,#transgender,5
#TransLivesMatter,#LGBT,1
#TransLivesMatter,#SOPHIE,1
#TransLivesMatter,#LGBTQIAhours,1
#TransLivesMatter,#LGBTQIA,5
#TransLivesMatter,#LBGTQ,1
#TransLivesMatter,#trannyporn,1
#TransLivesMatter,#shemale,2
#TransLivesMatter,#bbc,1
#TransLivesMatter,#BLM,2
#TransLivesMatter,#LGBTQIA2020,1
#TransLivesMatter,#NOH8,1
#TransLivesMatter,#ReachTheGoal,1
#TransLivesMatter,#CHARITYSTREAM,1
#TransLivesMatter,#VTUBER,1
#TransLivesMatter,#ProtectTransKids,1
#TransLivesMatter,#TransitionIsAGoodThing,2
#TransLivesMatter,#TransMentalHealth,2
#TransLivesMatter,#transmenaremen,1
#TransLivesMatter,#transgirls,1
#TransLivesMatter,#TGirls,1
#TransLivesMatter,#tgirlsheaven,1
#TransLivesMatter,#Tgirladdict,1
#TransLivesMatter,#porn,1
#TransLivesMatter,#transexual,1
#TransLivesMatter,#RETWEEET,1
#TransLivesMatter,#ftm,2
#TransLivesMatter,#topsurgery,2
#TransLivesMatter,#Disabled,2
#TransLivesMatter,#Trans,2
#TransLivesMatter,#TransAngels,1
#TransLivesMatter,#transdick,1
#TransLivesMatter,#TransLatina,1
#TransLivesMatter,#transawarenessweek,1
#TransLivesMatter,#onlyFans,1
#TransLivesMatter,#SayHerName,1
#TransLivesMatter,#xmas2020,1
#TransLivesMatter,#boobs,1
#TransLivesMatter,#her,1
#TransLivesMatter,#she,1
#TransLivesMatter,#Promare,1
#TransLivesMatter,#PRIDE2020,1
#TransLivesMatter,#pridemonth,1
#TransLivesMatter,#JusticeForJenniferLaude,1
#TransLivesMatter,#KeepPembertonInJail,1
#TransLivesMatter,#WalkingWhileTrans,2
#TransLivesMatter,#LGBTQFamily,2
#TransLivesMatter,#TikTok,1
#TransLivesMatter,#JKRowling,1
#TransLivesMatter,#TERF,1
#TransLivesMatter,#Homeless,1
#TransLivesMatter,#allarewelcome,1
#TransLivesMatter,#terfwars,1
#TransLivesMatter,#trans,5
#TransLivesMatter,#VicePresidentElectHarris,1
#TransLivesMatter,#transphobia,1
#TransLivesMatter,#JayceonDido,1
#TransLivesMatter,#transentertainer,1
#TransLivesMatter,#BlackDiamonds,1
#TransLivesMatter,#Beauty,1
#TransLivesMatter,#Christmas,1
#TransLivesMatter,#advocates,3
#TransLivesMatter,#transrights,1
#TransLivesMatter,#prettygirl,1
#TransLivesMatter,#hotgirl,1
#TransLivesMatter,#TransLivesMatters,1
#TransLivesMatter,#Feminism,1
#TransLivesMatter,#feminist,2
#TransLivesMatter,#gay,1
#TransLivesMatter,#others,1
#TransLivesMatter,#gaylokal,1
#TransLivesMatter,#lesbian,1
#TransLivesMatter,#reptile,1
#TransLivesMatter,#fuckyou,1
#TransLivesMatter,#transgirl,1
#TransLivesMatter,#tgirl,1
#TransLivesMatter,#girlslikeus,4
#TransLivesMatter,#comicbook,3
#TransLivesMatter,#JusticePourLuna,4
#TransLivesMatter,#HappyChristmas,1
#TransLivesMatter,#lovewins,1
#TransLivesMatter,#loveislove,1
#TransLivesMatter,#WomenInComedy,1
#TransLivesMatter,#womenempowerment,1
#TransLivesMatter,#goodcomedian,1
#TransLivesMatter,#liveandletlive,1
#TransLivesMatter,#spanishirishgoddess,1
#TransLivesMatter,#betterthanyou,1
#TransLivesMatter,#LGBTQI,1
#TransIsBeautiful,#blackTRANSlivesmatter,2
#TransIsBeautiful,#gender,1
#TransIsBeautiful,#binary,1
#TransIsBeautiful,#transgender,2
#TransIsBeautiful,#LGBT,1
#TransIsBeautiful,#SOPHIE,1
#TransIsBeautiful,#trannyporn,1
#TransIsBeautiful,#shemale,1
#TransIsBeautiful,#bbc,1
#TransIsBeautiful,#ReachTheGoal,1
#TransIsBeautiful,#TransRightsAreHumanRights,4
#TransIsBeautiful,#ftm,2
#TransIsBeautiful,#topsurgery,2
#TransIsBeautiful,#TransLatina,2
#TransIsBeautiful,#shemalebeauty,2
#TransIsBeautiful,#TikTok,1
#TransIsBeautiful,#Hulu,1
#TransIsBeautiful,#heartbreaking,1
#TransIsBeautiful,#BlackTransLivesMatter,5
#TransIsBeautiful,#DearPrudie,1
#TransIsBeautiful,#JayceonDido,1
#TransIsBeautiful,#trans,2
#TransIsBeautiful,#translivesmatter,1
#TransIsBeautiful,#transgirl,1
#TransIsBeautiful,#tgirl,1
#TransIsBeautiful,#girlslikeus,4
#TransIsBeautiful,#comicbook,3
#TransIsBeautiful,#spanishirishgoddess,1
#TransIsBeautiful,#betterthanyou,1
#blackTRANSlivesmatter,#translivesmatter,4
#Pride,#WontBeErased,16
#Pride,#EqualityAct,5
#WontBeErased,#EqualityAct,5
#relationships,#petpeeves,10
#relationships,#toowongfoo,10
#relationships,#mjrodriguez,10
#petpeeves,#toowongfoo,10
#petpeeves,#mjrodriguez,10
#toowongfoo,#mjrodriguez,10
#TransAwareness,#GenderAwareness,2
#TransAwareness,#TransRightsAreHumanRights,2
#GenderAwareness,#TransRightsAreHumanRights,2
#TransRightsAreHumanRights,#mustread,1
#TransRightsAreHumanRights,#podcast,1
#TransRightsAreHumanRights,#bbwebony,1
#TransRightsAreHumanRights,#mua,1
#TransRightsAreHumanRights,#pretty,1
#TransRightsAreHumanRights,#BlackTransLivesMatter,3
#TransRightsAreHumanRights,#LGBTQIAhours,1
#TransRightsAreHumanRights,#LGBTQIA,1
#TransRightsAreHumanRights,#LBGTQ,1
#TransRightsAreHumanRights,#LGBTQIA2020,1
#TransRightsAreHumanRights,#ReachTheGoal,1
#TransRightsAreHumanRights,#ProtectTransKids,1
#TransRightsAreHumanRights,#xmas2020,1
#TransRightsAreHumanRights,#boobs,1
#TransRightsAreHumanRights,#shemale,1
#TransRightsAreHumanRights,#her,1
#TransRightsAreHumanRights,#she,1
#TransRightsAreHumanRights,#LGBTQFamily,2
#TransRightsAreHumanRights,#TikTok,1
#TransRightsAreHumanRights,#Hulu,1
#TransRightsAreHumanRights,#heartbreaking,1
#TransRightsAreHumanRights,#terfwars,1
#TransRightsAreHumanRights,#trans,1
#TransRightsAreHumanRights,#Feminism,1
#TransRightsAreHumanRights,#feminist,1
#TransRightsAreHumanRights,#gay,1
#TransRightsAreHumanRights,#BlackLivesMatter,1
#TransRightsAreHumanRights,#translivesmatter,5
#TransRightsAreHumanRights,#16Days,1
#TransRightsAreHumanRights,#16DaysOfActivism,1
#TransRightsAreHumanRights,#ADOS,1
#TransRightsAreHumanRights,#AdoptaFamilyAtXmas,1
#TransRightsAreHumanRights,#spanishirishgoddess,1
#TransRightsAreHumanRights,#betterthanyou,1
#TransGirls,#PornHub,1
#TransGirls,#Transgender,1
#PornHub,#Transgender,1
#gender,#trans,1
#gender,#GenderDiverse,1
#gender,#binary,1
#trans,#GenderDiverse,1
#trans,#cisgender,1
#trans,#Christmas,1
#trans,#BlackTransLivesMatter,1
#trans,#translivesmatter,4
#trans,#mtf,2
#trans,#transgirl,5
#trans,#transgender,7
#trans,#transsexual,3
#trans,#transmodel,3
#trans,#transbeauty,3
#trans,#transpride,3
#trans,#transwoman,1
#trans,#terfwars,1
#trans,#ftm,1
#trans,#enby,1
#trans,#wtf,1
#trans,#JKRowling,1
#trans,#advocates,3
#trans,#tgirl,1
#HarmReduction,#GAHRT,1
#HarmReduction,#PubertyBlockers,1
#GAHRT,#PubertyBlockers,1
#BlackTransLivesMatter,#BlackGayLivesMatter,1
#BlackTransLivesMatter,#GayLivesMatter,1
#BlackTransLivesMatter,#BlackLivesMatter,1
#BlackTransLivesMatter,#LoveIsLove,1
#BlackTransLivesMatter,#EQUALITY,1
#BlackTransLivesMatter,#BLM,1
#BlackTransLivesMatter,#NOH8,1
#BlackTransLivesMatter,#Christmas,1
#BlackTransLivesMatter,#translivesmatter,1
#BlackTransLivesMatter,#mtf,1
#BlackGayLivesMatter,#GayLivesMatter,1
#BlackGayLivesMatter,#BlackLivesMatter,1
#BlackGayLivesMatter,#LoveIsLove,1
#BlackGayLivesMatter,#EQUALITY,1
#GayLivesMatter,#BlackLivesMatter,1
#GayLivesMatter,#LoveIsLove,1
#GayLivesMatter,#EQUALITY,1
#BlackLivesMatter,#LoveIsLove,1
#BlackLivesMatter,#EQUALITY,1
#BlackLivesMatter,#translivesmatter,3
#BlackLivesMatter,#HolidaySeason,3
#BlackLivesMatter,#helpline,2
#BlackLivesMatter,#BlackTransCrowdfund,1
#BlackLivesMatter,#transentertainer,1
#BlackLivesMatter,#BlackDiamonds,1
#BlackLivesMatter,#Beauty,1
#BlackLivesMatter,#Feminism,1
#BlackLivesMatter,#feminist,2
#BlackLivesMatter,#gay,1
#BlackLivesMatter,#others,1
#BlackLivesMatter,#gaylokal,1
#BlackLivesMatter,#lesbian,1
#BlackLivesMatter,#reptile,1
#BlackLivesMatter,#fuckyou,1
#LoveIsLove,#EQUALITY,1
#NoFilter,#GirlGeek,1
#NoFilter,#NerdGirl,1
#NoFilter,#asexual,1
#GirlGeek,#NerdGirl,4
#GirlGeek,#asexual,4
#GirlGeek,#KeepOnShining,1
#GirlGeek,#nofilterneeded,1
#GirlGeek,#AsexualPride,1
#GirlGeek,#KeepOnSwimming,1
#NerdGirl,#asexual,4
#NerdGirl,#KeepOnShining,1
#NerdGirl,#nofilterneeded,1
#NerdGirl,#AsexualPride,1
#NerdGirl,#KeepOnSwimming,1
#asexual,#KeepOnShining,1
#asexual,#nofilterneeded,1
#asexual,#AsexualPride,1
#asexual,#KeepOnSwimming,1
#mustread,#podcast,2
#Itsbambii,#itsbambiiplayhouse,1
#Patreon,#Triadin,4
#BarebackOnly,#barebackbottom,2
#BarebackOnly,#love,2
#BarebackOnly,#Respect,2
#BarebackOnly,#TransWomenareWomen,2
#barebackbottom,#love,2
#barebackbottom,#Respect,2
#barebackbottom,#TransWomenareWomen,2
#love,#Respect,2
#love,#TransWomenareWomen,2
#Respect,#TransWomenareWomen,2
#Article2,#UDHR,1
#vaginoplasty,#phalloplasty,1
#vaginoplasty,#testosterone,1
#phalloplasty,#testosterone,1
#DisabledLivesMatter,#Disabled,2
#DisabledLivesMatter,#Trans,2
#bbwebony,#mua,1
#bbwebony,#pretty,1
#mua,#pretty,1
#augusta,#georgia,1
#augusta,#USA,1
#georgia,#USA,1
#Homophobia,#biphobia,1
#Homophobia,#transphobia,1
#biphobia,#transphobia,1
#GamerGirl,#TransGamer,1
#GamerGirl,#GirlsRule,1
#GamerGirl,#Warzone,1
#GamerGirl,#Cod,1
#GamerGirl,#ComePlay,1
#TransGamer,#GirlsRule,1
#TransGamer,#Warzone,1
#TransGamer,#Cod,1
#TransGamer,#ComePlay,1
#GirlsRule,#Warzone,1
#GirlsRule,#Cod,1
#GirlsRule,#ComePlay,1
#Warzone,#Cod,1
#Warzone,#ComePlay,1
#Cod,#ComePlay,1
#Chicago,#NewOrleans,3
#Chicago,#Dallas,3
#Chicago,#LittleRock,2
#Chicago,#upperwestside,2
#Chicago,#LosAngeles,2
#NewOrleans,#Dallas,3
#NewOrleans,#LittleRock,2
#NewOrleans,#upperwestside,2
#NewOrleans,#LosAngeles,2
#Dallas,#LittleRock,2
#Dallas,#upperwestside,2
#Dallas,#LosAngeles,2
#LittleRock,#upperwestside,1
#LittleRock,#LosAngeles,1
#transgender,#LGBT,1
#transgender,#SOPHIE,1
#transgender,#mtf,1
#transgender,#mtftransgender,1
#transgender,#mtftransition,1
#transgender,#transfitness,1
#transgender,#transsexual,3
#transgender,#transmodel,3
#transgender,#transbeauty,3
#transgender,#transpride,3
#transgender,#transgirl,4
#transgender,#transwoman,1
#transgender,#advocates,3
#transgender,#transhearts,1
#transgender,#transrolemodel,1
#transgender,#trans_women,1
#transgender,#transisbeautiful,1
#transgender,#tgirl,1
#LGBT,#SOPHIE,1
#LGBT,#holidays,6
#LGBT,#CrimeFiction,6
#LGBT,#KinkNoir,6
#LGBT,#Kindle,5
#LGBTQIAhours,#LGBTQIA,1
#LGBTQIA,#HappyChristmas,1
#LGBTQIA,#lovewins,1
#LGBTQIA,#loveislove,1
#LGBTQIA,#liveandletlive,1
#blacklivesmatter,#translivesmatter,5
#blacklivesmatter,#lgbq,3
#blacklivesmatter,#inthistogether,1
#blacklivesmatter,#justice,1
#blacklivesmatter,#equality,1
#blacklivesmatter,#BLM,1
#translivesmatter,#lgbq,3
#translivesmatter,#HolidaySeason,4
#translivesmatter,#helpline,2
#translivesmatter,#ChristmasGift,8
#translivesmatter,#MerryChristmas,8
#translivesmatter,#blacktranslivesmatter,6
#translivesmatter,#protecttranswomen,4
#translivesmatter,#blackandbrowntranslives,4
#translivesmatter,#Christmas,1
#translivesmatter,#mtf,1
#translivesmatter,#holidays2020,1
#translivesmatter,#transallies,1
#translivesmatter,#transgirl,2
#translivesmatter,#blmmovement,2
#translivesmatter,#warriorspirit,2
#translivesmatter,#lgbtq,2
#translivesmatter,#indigenous,1
#translivesmatter,#nocages,1
#translivesmatter,#shopnow,1
#translivesmatter,#transanta,3
#translivesmatter,#indyamoore,3
#translivesmatter,#holidayseason,1
#translivesmatter,#genderdiversity,1
#translivesmatter,#proud,1
#translivesmatter,#enby,1
#translivesmatter,#BLM,2
#translivesmatter,#justice,1
#translivesmatter,#equality,1
#translivesmatter,#suppottrandledorg,1
#translivesmatter,#blacktransled,1
#translivesmatter,#mealsforchicago,1
#translivesmatter,#mealsforchristmas,1
#translivesmatter,#IDEVASW,1
#translivesmatter,#tiktok,1
#translivesmatter,#antifa,2
#trannyporn,#shemale,1
#trannyporn,#bbc,1
#shemale,#bbc,1
#shemale,#xmas2020,1
#shemale,#boobs,1
#shemale,#her,1
#shemale,#she,1
#chrissamuels,#rhop,1
#HolidaySeason,#helpline,2
#HolidaySeason,#holidays2020,1
#inthistogether,#covid_19,1
#inthistogether,#inthistogetherohio,1
#BLM,#NOH8,1
#BLM,#justice,1
#BLM,#equality,1
#CHARITYSTREAM,#VTUBER,1
#covid_19,#inthistogetherohio,1
#nofilterneeded,#AsexualPride,1
#SelfcareSunday,#selfcare,1
#SelfcareSunday,#quoteoftheday,1
#SelfcareSunday,#wordstoliveby,1
#selfcare,#quoteoftheday,1
#selfcare,#wordstoliveby,1
#quoteoftheday,#wordstoliveby,1
#quoteoftheday,#QOTD,1
#quoteoftheday,#mood,1
#quoteoftheday,#superpowers,1
#quoteoftheday,#HappySolstice,1
#TransitionIsAGoodThing,#TransMentalHealth,2
#transgirls,#TGirls,1
#transgirls,#tgirlsheaven,1
#transgirls,#Tgirladdict,1
#transgirls,#porn,1
#transgirls,#transexual,1
#TGirls,#tgirlsheaven,1
#TGirls,#Tgirladdict,1
#TGirls,#porn,1
#TGirls,#transexual,1
#tgirlsheaven,#Tgirladdict,1
#tgirlsheaven,#porn,1
#tgirlsheaven,#transexual,1
#Tgirladdict,#porn,1
#Tgirladdict,#transexual,1
#porn,#transexual,1
#ftm,#topsurgery,2
#ftm,#mtf,1
#ftm,#enby,1
#mtf,#mtftransgender,1
#mtf,#mtftransition,1
#mtf,#transfitness,1
#mtf,#Christmas,1
#mtf,#enby,1
#mtftransgender,#mtftransition,1
#mtftransgender,#transfitness,1
#mtftransition,#transfitness,1
#spanishirishgoddess,#betterthanyou,2
#Disabled,#Trans,2
#ChristmasGift,#MerryChristmas,9
#blacktranslivesmatter,#protecttranswomen,4
#blacktranslivesmatter,#blackandbrowntranslives,4
#blacktranslivesmatter,#antifa,2
#protecttranswomen,#blackandbrowntranslives,4
#TransAngels,#transdick,1
#TransAngels,#TransLatina,1
#TransAngels,#transawarenessweek,1
#TransAngels,#onlyFans,1
#transdick,#TransLatina,1
#transdick,#transawarenessweek,1
#transdick,#onlyFans,1
#TransLatina,#transawarenessweek,1
#TransLatina,#onlyFans,1
#TransLatina,#shemalebeauty,1
#transawarenessweek,#onlyFans,1
#BeDifferent,#BeautifulWomen,1
#BeDifferent,#StrongLady,1
#BeautifulWomen,#StrongLady,1
#transgirl,#transsexual,2
#transgirl,#transmodel,2
#transgirl,#transbeauty,2
#transgirl,#transpride,2
#transgirl,#transwoman,1
#transgirl,#transhearts,1
#transgirl,#transrolemodel,1
#transgirl,#trans_women,1
#transgirl,#transisbeautiful,1
#transgirl,#tgirl,1
#xmas2020,#boobs,1
#xmas2020,#her,1
#xmas2020,#she,1
#boobs,#her,1
#boobs,#she,1
#her,#she,1
#Promare,#PRIDE2020,1
#Promare,#pridemonth,1
#PRIDE2020,#pridemonth,1
#JusticeForJenniferLaude,#KeepPembertonInJail,1
#DYK,#twospirit,1
#DYK,#indigenouspeople,1
#DYK,#berdache,1
#twospirit,#indigenouspeople,1
#twospirit,#berdache,1
#indigenouspeople,#berdache,1
#Hulu,#heartbreaking,1
#transsexual,#transmodel,3
#transsexual,#transbeauty,3
#transsexual,#transpride,3
#transsexual,#transwoman,1
#transmodel,#transbeauty,3
#transmodel,#transpride,3
#transmodel,#transwoman,1
#transbeauty,#transpride,3
#transbeauty,#transwoman,1
#transpride,#transwoman,1
#TellYourStories,#HistoryUnerased,3
#JKRowling,#TERF,1
#JKRowling,#wtf,1
#blmmovement,#warriorspirit,2
#blmmovement,#indigenous,1
#blmmovement,#nocages,1
#blmmovement,#shopnow,1
#warriorspirit,#indigenous,1
#warriorspirit,#nocages,1
#warriorspirit,#shopnow,1
#upperwestside,#LosAngeles,2
#enby,#proud,1
#QOTD,#mood,1
#QOTD,#superpowers,1
#QOTD,#HappySolstice,1
#mood,#superpowers,1
#mood,#HappySolstice,1
#superpowers,#HappySolstice,1
#transentertainer,#BlackDiamonds,1
#transentertainer,#Beauty,1
#BlackDiamonds,#Beauty,1
#transexclusion,#sport,2
#indigenous,#nocages,1
#indigenous,#shopnow,1
#nocages,#shopnow,1
#transhearts,#transrolemodel,1
#transhearts,#trans_women,1
#transhearts,#transisbeautiful,1
#transrolemodel,#trans_women,1
#transrolemodel,#transisbeautiful,1
#trans_women,#transisbeautiful,1
#prettygirl,#hotgirl,1
#prettygirl,#TransLivesMatters,1
#hotgirl,#TransLivesMatters,1
#Feminism,#feminist,1
#Feminism,#gay,1
#feminist,#gay,1
#feminist,#others,1
#feminist,#gaylokal,1
#feminist,#lesbian,1
#feminist,#reptile,1
#feminist,#fuckyou,1
#others,#gaylokal,1
#others,#lesbian,1
#others,#reptile,1
#others,#fuckyou,1
#gaylokal,#lesbian,1
#gaylokal,#reptile,1
#gaylokal,#fuckyou,1
#lesbian,#reptile,1
#lesbian,#fuckyou,1
#reptile,#fuckyou,1
#AnotherElement,#Clubhouse,31
#nsfw,#femboys,1
#nsfw,#fembois,1
#nsfw,#sissy,1
#nsfw,#sissyslut,1
#nsfw,#trap,1
#nsfw,#crossdressing,1
#femboys,#fembois,1
#femboys,#sissy,1
#femboys,#sissyslut,1
#femboys,#trap,1
#femboys,#crossdressing,1
#fembois,#sissy,1
#fembois,#sissyslut,1
#fembois,#trap,1
#fembois,#crossdressing,1
#sissy,#sissyslut,1
#sissy,#trap,1
#sissy,#crossdressing,1
#sissyslut,#trap,1
#sissyslut,#crossdressing,1
#trap,#crossdressing,1
#transanta,#indyamoore,3
#transanta,#holidayseason,1
#indyamoore,#holidayseason,1
#holidays,#CrimeFiction,6
#holidays,#KinkNoir,8
#holidays,#Kindle,7
#holidays,#paperback,2
#CrimeFiction,#KinkNoir,6
#CrimeFiction,#Kindle,5
#KinkNoir,#Kindle,7
#KinkNoir,#paperback,2
#Kindle,#paperback,2
#16Days,#16DaysOfActivism,1
#16Days,#ADOS,1
#16Days,#AdoptaFamilyAtXmas,1
#16DaysOfActivism,#ADOS,1
#16DaysOfActivism,#AdoptaFamilyAtXmas,1
#ADOS,#AdoptaFamilyAtXmas,1
#girlslikeus,#comicbook,3
#HappyChristmas,#lovewins,1
#HappyChristmas,#loveislove,1
#lovewins,#loveislove,1
#live,#Translivesmatter,1
#justice,#equality,1
#WomenInComedy,#womenempowerment,1
#WomenInComedy,#goodcomedian,1
#womenempowerment,#goodcomedian,1
#suppottrandledorg,#blacktransled,1
#suppottrandledorg,#mealsforchicago,1
#suppottrandledorg,#mealsforchristmas,1
#blacktransled,#mealsforchicago,1
#blacktransled,#mealsforchristmas,1
#mealsforchicago,#mealsforchristmas,1
#IDEVASW,#tiktok,1
#Nonbinary,#Enby,2
#ThePassionVine,#radical,1
#ThePassionVine,#RadicalFaeries,1
#ThePassionVine,#safehouse,1
#ThePassionVine,#sanctuary,1
#radical,#RadicalFaeries,1
#radical,#safehouse,1
#radical,#sanctuary,1
#RadicalFaeries,#safehouse,1
#RadicalFaeries,#sanctuary,1
#safehouse,#sanctuary,1
#TRANSATTRACTEDMEN,#bisexual,1
#antifa,#sexworkerlivesmatter,1
