Id,Label,timeset,modularity_class,pageranks,Eccentricity,closnesscentrality,harmonicclosnesscentrality,betweenesscentrality
"#noormukadam","#noormukadam",,3,0.009573,3,0.515699,0.543633,7031.425553
"#noormuqaddam","#noormuqaddam",,5,0.005969,4,0.509302,0.531583,2246.502015
35,35,,3,0.000303,4,0.340415,0.347539,0
"#JusticeForNoormukadam","#JusticeForNoormukadam",,2,0.001459,4,0.389911,0.4121,689.10835
34,34,,5,0.000459,4,0.349097,0.359209,0
"#zahirjaffer","#zahirjaffer",,3,0.018398,3,0.504608,0.564942,20496.174194
113,113,,3,0.000303,4,0.340415,0.347539,0
"#pakistan","#pakistan",,2,0.003394,4,0.496974,0.512303,643.865715
40,40,,5,0.000444,4,0.358429,0.371639,0
"#mullahs","#mullahs",,3,0.000722,4,0.399392,0.418316,18.88334
1,1,,0,0.11487,4,0.637864,0.718798,88161.637583
"#fitna","#fitna",,3,0.000647,4,0.399392,0.418316,9.44167
"#dajjal","#dajjal",,3,0.000563,4,0.340768,0.349061,0
"#asmatadamkhoor","#asmatadamkhoor",,3,0.000733,4,0.36848,0.385591,1.659171
4,4,,3,0.015992,4,0.501527,0.53171,7095.727543
"#zakirjaffer","#zakirjaffer",,3,0.000899,4,0.375,0.393962,2.50782
7,7,,3,0.002804,4,0.484513,0.499746,194.476351
"#justicefornoor","#justicefornoor",,3,0.00394,3,0.459762,0.488584,753.576792
28,28,,3,0.000371,4,0.430537,0.44825,0
"#hangzahirjaffer","#hangzahirjaffer",,3,0.001799,4,0.432806,0.457509,93.371622
16,16,,3,0.000371,4,0.430537,0.44825,0
"#Nonsense","#Nonsense",,3,0.000854,4,0.432806,0.452435,20.852844
"#Capital_punshiment","#Capital_punshiment",,3,0.000533,4,0.359606,0.374302,0
2,2,,1,0.043901,4,0.550251,0.596525,19941.915439
"#Oscar","#Oscar",,3,0.001062,4,0.366629,0.384323,2.168687
"#actor","#actor",,3,0.000995,4,0.366629,0.384323,1.626515
"#nations","#nations",,3,0.000928,4,0.366629,0.384323,1.084343
"#noormukaddam","#noormukaddam",,3,0.003094,3,0.457203,0.481989,544.340178
5,5,,2,0.003072,4,0.475742,0.491502,369.057245
"#Justicefornoor","#Justicefornoor",,3,0.00086,4,0.366629,0.384323,0.542172
"#zahirjaffar","#zahirjaffar",,3,0.000935,4,0.36848,0.387494,6.361283
"#mukaddams","#mukaddams",,3,0.00061,4,0.36,0.375317,0
"#darinda","#darinda",,3,0.000376,4,0.352846,0.364028,0
"#JusticeForNoor","#JusticeForNoor",,3,0.011241,3,0.5256,0.557839,9371.193738
"#JusticeforNoor","#JusticeforNoor",,2,0.002096,3,0.459441,0.479706,541.04705
3,3,,2,0.014651,4,0.513281,0.53932,6669.738705
"#AsmatAdamjee","#AsmatAdamjee",,2,0.001279,4,0.431385,0.453704,27.827413
"#JusticeSystemPakistan","#JusticeSystemPakistan",,2,0.000644,4,0.366425,0.381786,0.111422
"#Pakistan","#Pakistan",,0,0.010334,3,0.528135,0.559361,5099.341811
"#Justice","#Justice",,0,0.00179,4,0.472662,0.489599,38.200056
"#ZahirJaffer","#ZahirJaffer",,3,0.008453,4,0.467616,0.505961,5998.257408
"#IHC","#IHC",,3,0.000384,4,0.34984,0.360223,0
"#Scumbag","#Scumbag",,3,0.000508,4,0.362383,0.377347,0
"#PMTakeNotice4NoorMukadam","#PMTakeNotice4NoorMukadam",,3,0.000379,4,0.356871,0.369736,0
"#isbtoday","#isbtoday",,3,0.000656,4,0.410369,0.429858,2.752658
"#islamabad","#islamabad",,3,0.000583,4,0.357843,0.372019,0
"#murdercase","#murdercase",,3,0.001186,4,0.420345,0.442035,24.380385
"#AskerAward","#AskerAward",,3,0.000583,4,0.410112,0.429097,2.857625
"#noorneedjustice","#noorneedjustice",,3,0.000503,4,0.357065,0.370497,0
"#asmatadamjee","#asmatadamjee",,3,0.00067,4,0.362983,0.379122,0
"#jaffers","#jaffers",,3,0.000583,4,0.410112,0.429097,2.857625
"#media","#media",,3,0.000503,4,0.357065,0.370497,0
"#JusticeForNooorMukadam","#JusticeForNooorMukadam",,3,0.000741,4,0.417408,0.437722,0
"#ZahirJaffar","#ZahirJaffar",,2,0.001453,4,0.456567,0.476027,14.754128
"#Islamabad","#Islamabad",,5,0.001236,4,0.421694,0.44381,67.674507
"#justicedelayedisjusticedenied","#justicedelayedisjusticedenied",,3,0.000453,4,0.365,0.380137,0
"#thousandsolededsuns","#thousandsolededsuns",,3,0.000572,4,0.456567,0.470573,0.391876
"#OkaraIncident","#OkaraIncident",,3,0.000493,4,0.43082,0.449011,0
"#motorwayincident","#motorwayincident",,0,0.060406,3,0.700426,0.802892,96047.384159
"#400men","#400men",,3,0.002516,4,0.471983,0.490994,270.310195
"#PakistanMurdabad","#PakistanMurdabad",,3,0.000651,4,0.434811,0.453957,0
"#minarepakistan","#minarepakistan",,5,0.002501,4,0.477471,0.495053,246.207445
"#minarepakistanincident","#minarepakistanincident",,1,0.002945,4,0.481672,0.499239,318.186187
"#UsmanMirza","#UsmanMirza",,0,0.002796,3,0.49924,0.512177,250.492391
"#MinarePakistan","#MinarePakistan",,0,0.000618,4,0.457203,0.471588,0.34978
"#ayeshaakram","#ayeshaakram",,0,0.002277,4,0.467616,0.487316,190.120571
"#yesallmen","#yesallmen",,0,0.000545,4,0.433092,0.451547,0
46,46,,5,0.000372,4,0.358429,0.371512,0
"#NoorMukadam","#NoorMukadam",,3,0.011821,3,0.523923,0.557331,10587.812413
6,6,,2,0.002001,4,0.465957,0.481989,15.754414
10,10,,5,0.000634,4,0.440349,0.45827,0.27161
"#NoOneIsAboveTheLaw","#NoOneIsAboveTheLaw",,3,0.000539,4,0.353226,0.364789,0.338818
9,9,,1,0.001416,4,0.47063,0.485033,133.053511
"#NawazSharif","#NawazSharif",,3,0.001232,4,0.421965,0.443049,135.876004
"#Selfdefense","#Selfdefense",,1,0.00098,5,0.369101,0.38653,0
"#VAW","#VAW",,1,0.002351,4,0.413989,0.440512,253.398264
"#HARASSMENTRISK","#HARASSMENTRISK",,1,0.00092,5,0.369101,0.38653,0
"#womenempowerment","#womenempowerment",,1,0.00086,5,0.369101,0.38653,0
"#girlpower","#girlpower",,1,0.000799,5,0.369101,0.38653,0
"#MotorwayIncident","#MotorwayIncident",,2,0.003477,4,0.480263,0.500634,2990.171927
13,13,,4,0.001695,4,0.429412,0.449645,204.029735
"#justiceforquratulain","#justiceforquratulain",,5,0.001936,4,0.468616,0.486428,42.673961
12,12,,5,0.003013,4,0.465297,0.482496,253.741073
14,14,,3,0.00074,4,0.460729,0.474378,0.264946
"#khadijasiddiqi","#khadijasiddiqi",,5,0.000956,4,0.424419,0.44622,0.238208
"#acidattacks","#acidattacks",,5,0.000886,4,0.424419,0.44622,0.158805
"#naseembibi","#naseembibi",,5,0.00198,4,0.457203,0.477676,37.514382
"#DomesticViolenceBill","#DomesticViolenceBill",,5,0.000744,4,0.423871,0.445205,0
"#zainabansari","#zainabansari",,5,0.000903,4,0.453103,0.469305,1.355546
"#goatlivesmatter","#goatlivesmatter",,5,0.000838,4,0.453103,0.469305,0.903697
"#mukhtarmai","#mukhtarmai",,5,0.000772,4,0.453103,0.469305,0.451849
"#acidattack","#acidattack",,5,0.000705,4,0.423598,0.444444,0
"#cybercrime","#cybercrime",,0,0.001081,4,0.455301,0.472095,1.53904
"#rape","#rape",,0,0.00347,4,0.468951,0.490868,929.076011
"#WomensRights","#WomensRights",,0,0.001018,4,0.455301,0.472095,1.15428
"#auratmarch","#auratmarch",,0,0.000954,4,0.455301,0.472095,0.76952
"#feminism","#feminism",,0,0.00089,4,0.455301,0.472095,0.38476
"#metoo","#metoo",,0,0.000825,4,0.427456,0.449011,0
"#Motorwaycase","#Motorwaycase",,5,0.001138,5,0.3977,0.418366,532.116266
"#usmanmirza","#usmanmirza",,5,0.000555,5,0.340238,0.348478,0
36,36,,2,0.000316,5,0.280649,0.28861,0
94,94,,3,0.000304,4,0.335546,0.351091,0
61,61,,3,0.000304,4,0.335546,0.351091,0
37,37,,3,0.000304,4,0.335546,0.351091,0
"#justiceforQuratulain","#justiceforQuratulain",,3,0.000937,4,0.41556,0.435946,42.879358
"#GBV","#GBV",,3,0.000699,4,0.364797,0.380264,0.517058
"#harrassment","#harrassment",,3,0.000547,4,0.362983,0.377727,0
88,88,,3,0.000304,4,0.335546,0.351091,0
20,20,,3,0.000453,4,0.459762,0.473237,0.300998
"#killer","#killer",,0,0.001633,4,0.420884,0.444064,0
"#bestactors","#bestactors",,3,0.000658,4,0.413989,0.433409,2.424406
"#asifalizardari","#asifalizardari",,3,0.000585,4,0.361386,0.376205,0
"#YouTube","#YouTube",,0,0.002652,3,0.481319,0.497717,288.852577
"#NirmalaMaghani","#NirmalaMaghani",,3,0.001563,4,0.371396,0.391679,29.800584
8,8,,1,0.00194,4,0.472322,0.489472,68.303183
"#pslanthem","#pslanthem",,3,0.000988,4,0.370767,0.389396,1.870712
"#NoIndian","#NoIndian",,3,0.000921,4,0.370767,0.389396,1.247141
"#dobara","#dobara",,3,0.000853,4,0.370767,0.389396,0.623571
"#AllamaSaadHussainRizvi","#AllamaSaadHussainRizvi",,3,0.000784,4,0.361983,0.378995,0
"#theraphyworks","#theraphyworks",,3,0.000381,4,0.35882,0.3724,0
"#TherapyWorks","#TherapyWorks",,3,0.000544,4,0.365813,0.381786,0
"#NoorNeedsJustice","#NoorNeedsJustice",,3,0.000947,4,0.440644,0.459792,23.853316
"#NoorMukkadam","#NoorMukkadam",,3,0.000564,4,0.363385,0.377093,2.474785
"#Therapyworks","#Therapyworks",,3,0.000464,4,0.335718,0.351852,0
"#LollipopGovt","#LollipopGovt",,0,0.000858,4,0.407063,0.42656,16.483272
"#BehindYouSkipper","#BehindYouSkipper",,0,0.000789,4,0.407063,0.42656,10.988848
"#MyPMImranKhan","#MyPMImranKhan",,0,0.000718,4,0.407063,0.42656,5.494424
"#IstandWithWaqarzaka","#IstandWithWaqarzaka",,0,0.000642,4,0.336061,0.353374,0
"#LahoreBlast","#LahoreBlast",,0,0.002062,3,0.415035,0.438864,187.324432
"#MurreeTragedy","#MurreeTragedy",,0,0.00075,4,0.407063,0.42656,10.147439
"#SialkotIncident","#SialkotIncident",,0,0.00068,4,0.407063,0.42656,5.07372
"#Shiagenocide","#Shiagenocide",,0,0.000606,4,0.336061,0.353374,0
"#hangzahir","#hangzahir",,3,0.000304,4,0.335546,0.351091,0
"#JummaMubarak","#JummaMubarak",,0,0.003922,4,0.477818,0.500888,382.911107
"#PSL2022","#PSL2022",,0,0.000982,4,0.409857,0.430873,7.92015
"#BalochNationalistArmy","#BalochNationalistArmy",,0,0.000919,4,0.409857,0.430873,5.940113
"#DunyaNews","#DunyaNews",,0,0.002059,4,0.435388,0.459792,437.288821
"#وارثِ_مسندِ_ولایت","#وارثِ_مسندِ_ولایت",,0,0.00079,4,0.409857,0.430873,1.980038
"#AllamaKhadimHussainRizvi","#AllamaKhadimHussainRizvi",,0,0.000725,4,0.358429,0.374683,0
"#FridayMotivation","#FridayMotivation",,0,0.002604,4,0.433377,0.460046,135.142527
"#نہ_صاف_چلی_نہ_شفاف_چلی","#نہ_صاف_چلی_نہ_شفاف_چلی",,3,0.000443,4,0.338137,0.355911,0
"#ملک_کی_بقا_صدارتی_نظام","#ملک_کی_بقا_صدارتی_نظام",,0,0.001618,3,0.417673,0.443937,67.473172
"#psl7","#psl7",,0,0.000858,4,0.407063,0.42656,16.483272
"#54yearsofATI","#54yearsofATI",,0,0.000789,4,0.407063,0.42656,10.988848
"#ICCAwards","#ICCAwards",,0,0.000718,4,0.407063,0.42656,5.494424
"#blakillinginnocents","#blakillinginnocents",,0,0.000642,4,0.336061,0.353374,0
"#AimaBaig","#AimaBaig",,3,0.000648,4,0.360197,0.37519,1.216254
"#abbotabad","#abbotabad",,3,0.000572,4,0.336061,0.353374,0
"#9News","#9News",,3,0.000304,4,0.335546,0.351091,0
"#hazard","#hazard",,0,0.00102,4,0.407568,0.428082,18.370556
"#bachakhanweek2022","#bachakhanweek2022",,0,0.000956,4,0.407568,0.428082,13.777917
"#JIKhi_WomenDharna","#JIKhi_WomenDharna",,0,0.00089,4,0.407568,0.428082,9.185278
"#PAKvAFG","#PAKvAFG",,0,0.000823,4,0.407568,0.428082,4.592639
"#imrankhanpti","#imrankhanpti",,0,0.000755,4,0.336406,0.354896,0
"#etribune","#etribune",,2,0.001141,4,0.364191,0.37963,436.763937
31,31,,3,0.000519,4,0.336061,0.352359,0
"#news","#news",,2,0.000443,4,0.336061,0.352359,0
"#Judicial","#Judicial",,3,0.000513,4,0.413468,0.432395,0
"#justice","#justice",,0,0.00165,4,0.484871,0.496829,132.739202
"#BeastUpdate","#BeastUpdate",,3,0.000562,4,0.406559,0.425038,5.979497
"#hangthekillers","#hangthekillers",,3,0.000463,4,0.335718,0.351852,0
"#murderer","#murderer",,3,0.000712,4,0.369724,0.387367,4.883742
"#FilthyRichScums","#FilthyRichScums",,3,0.000455,4,0.365609,0.381025,0
"#JusticForNoor","#JusticForNoor",,3,0.000377,4,0.336061,0.352359,0
"#NoMercy","#NoMercy",,3,0.000377,4,0.336061,0.352359,0
"#psycho","#psycho",,0,0.001571,4,0.420884,0.444064,0
"#performance","#performance",,0,0.001509,4,0.420884,0.444064,0
"#brutal","#brutal",,0,0.001447,4,0.420884,0.444064,0
"#reflection","#reflection",,0,0.001385,4,0.420884,0.444064,0
"#compulsion","#compulsion",,0,0.001323,4,0.420884,0.444064,0
"#disability","#disability",,0,0.001261,4,0.420884,0.444064,0
"#judiciary","#judiciary",,0,0.001198,4,0.420884,0.444064,0
"#SupremeCourt","#SupremeCourt",,0,0.001136,4,0.420884,0.444064,0
"#imrankhanPTI","#imrankhanPTI",,3,0.002205,3,0.488839,0.503551,261.039026
"#motorayincident","#motorayincident",,0,0.000996,4,0.397219,0.418062,26.312948
"#motorwaycase","#motorwaycase",,0,0.005801,4,0.480966,0.511289,2839.676257
"#womenvoilence","#womenvoilence",,0,0.001146,4,0.460729,0.477423,47.251243
"#crime","#crime",,0,0.001087,4,0.460729,0.477423,42.328755
"#court","#court",,0,0.001028,4,0.454986,0.472349,37.406266
"#breaking","#breaking",,0,0.000738,4,0.341299,0.351979,0
"#breakingnews","#breakingnews",,0,0.00073,4,0.42607,0.447489,0
"#ImranKhan","#ImranKhan",,1,0.008941,3,0.500762,0.540081,2530.310932
"#نیازی_قبرمیں_سکون_کرو","#نیازی_قبرمیں_سکون_کرو",,1,0.001565,4,0.466288,0.48516,17.555526
"#deathpenalty","#deathpenalty",,2,0.000361,4,0.420345,0.439625,0
33,33,,3,0.000305,4,0.343979,0.352232,0
"#Punjab_Police","#Punjab_Police",,3,0.000305,4,0.343979,0.352232,0
192,192,,3,0.000305,4,0.343979,0.352232,0
"#Noor","#Noor",,2,0.000522,4,0.352468,0.364663,0.692692
200,200,,3,0.000305,4,0.343979,0.352232,0
"#arynews","#arynews",,3,0.000386,4,0.349654,0.35997,0
19,19,,3,0.000454,4,0.441532,0.45827,0.10075
"#HANGZAHIRJAFFER","#HANGZAHIRJAFFER",,3,0.001052,4,0.430255,0.45066,13.05187
"#Ismatadamjee","#Ismatadamjee",,3,0.000847,4,0.380649,0.399417,3.969902
"#ShaukatMukadam","#ShaukatMukadam",,3,0.000779,4,0.374572,0.391806,1.600204
"#TahirZahoor","#TahirZahoor",,3,0.000715,4,0.374572,0.391806,0.800102
"#ZakirJaffer","#ZakirJaffer",,3,0.001345,4,0.412171,0.435185,37.49249
43,43,,3,0.000305,4,0.343979,0.352232,0
"#Doctors","#Doctors",,3,0.00086,4,0.406057,0.426053,0
"#RawalpindiCentralJail","#RawalpindiCentralJail",,3,0.000794,4,0.406057,0.426053,0
"#Adiala","#Adiala",,3,0.000726,4,0.406057,0.426053,0
"#FuckZahirJaffer","#FuckZahirJaffer",,3,0.000459,4,0.356678,0.369356,0
"#AAPakistan","#AAPakistan",,2,0.000633,4,0.466288,0.479072,0.188143
23,23,,3,0.000378,4,0.353036,0.364282,0
"#Zahir","#Zahir",,3,0.000547,4,0.356871,0.370117,0
39,39,,3,0.00062,4,0.358624,0.372907,0.230686
"#KPDomesticViolenceACT2021","#KPDomesticViolenceACT2021",,3,0.000305,4,0.343979,0.352232,0
"#Darinda","#Darinda",,3,0.000378,4,0.353036,0.364282,0
"#rapist","#rapist",,3,0.000705,4,0.359606,0.374429,0.090301
"#Zahirjaffer","#Zahirjaffer",,2,0.000728,4,0.356098,0.368214,231.476626
"#Rawalpindi","#Rawalpindi",,3,0.000386,4,0.349654,0.35997,0
"#theCivileyes","#theCivileyes",,3,0.000386,4,0.349654,0.35997,0
"#StandwithNoor","#StandwithNoor",,3,0.000796,4,0.357843,0.372907,0.3171
"#HangZahirJaffer","#HangZahirJaffer",,3,0.000459,4,0.356678,0.369356,0
"#Lahore","#Lahore",,0,0.002118,4,0.477818,0.493785,69.84581
"#Zainab","#Zainab",,0,0.000681,4,0.461053,0.475013,0.319675
"#women","#women",,0,0.000613,4,0.438,0.456114,0
18,18,,3,0.000414,4,0.424145,0.44381,0.040023
"#FridayVibes","#FridayVibes",,0,0.001897,4,0.397219,0.42174,24.768937
"#Jummahmubarak","#Jummahmubarak",,0,0.001774,4,0.397219,0.42174,20.958331
"#Pakistani","#Pakistani",,0,0.001651,4,0.397219,0.42174,17.147726
"#PakistanZindabad","#PakistanZindabad",,0,0.002969,4,0.463656,0.487443,142.700815
"#NCOC","#NCOC",,0,0.001696,4,0.406811,0.432522,33.183319
"#NadiaKhan","#NadiaKhan",,0,0.001466,4,0.397219,0.42174,11.431817
"#bitcoin","#bitcoin",,0,0.001404,4,0.397219,0.42174,9.526514
"#LegendsLeagueCricket","#LegendsLeagueCricket",,0,0.001342,4,0.397219,0.42174,7.621211
"#Saitama","#Saitama",,0,0.001219,4,0.397219,0.42174,3.810606
"#sharmilafarooqi","#sharmilafarooqi",,0,0.001157,4,0.397219,0.42174,1.905303
"#Nawazsharif","#Nawazsharif",,0,0.001094,4,0.342544,0.357052,0
"#zaherjaffer","#zaherjaffer",,3,0.00039,4,0.345244,0.353881,0
"#OneVoice","#OneVoice",,1,0.000785,4,0.369724,0.385591,0.541284
"#OneNation","#OneNation",,1,0.000721,4,0.369724,0.385591,0.360856
"#BeTheVoiceForJustice","#BeTheVoiceForJustice",,1,0.000655,4,0.369724,0.385591,0.180428
"#TogetherWeCan","#TogetherWeCan",,3,0.000932,4,0.436545,0.456114,18.454564
151,151,,3,0.000301,4,0.344701,0.352613,0
"#justiceforpakistan","#justiceforpakistan",,3,0.000301,4,0.344701,0.352613,0
"#JusticeForHanifa","#JusticeForHanifa",,2,0.0009,4,0.402081,0.422121,173.048612
"#JusticeForNazimJokhio","#JusticeForNazimJokhio",,3,0.000558,4,0.400366,0.418823,7.107645
"#HangshahzainJataoi","#HangshahzainJataoi",,3,0.000459,4,0.344882,0.353374,0
"#stopacting","#stopacting",,3,0.000382,4,0.350587,0.360984,0
"#trending","#trending",,3,0.000587,4,0.404557,0.423643,3.956563
"#death","#death",,3,0.000507,4,0.350774,0.361745,0
"#femicide","#femicide",,3,0.000439,4,0.435676,0.453323,0
"#lahoreincident","#lahoreincident",,3,0.001551,4,0.476432,0.491248,146.659708
"#NoorMukaddam","#NoorMukaddam",,3,0.000877,4,0.450308,0.467149,9.922269
"#JusticeforSaima","#JusticeforSaima",,0,0.001051,4,0.459119,0.47514,3.038184
"#sahiwal","#sahiwal",,5,0.000509,4,0.434811,0.45307,0
"#nayabnadeem","#nayabnadeem",,0,0.000893,4,0.458799,0.474378,0.607267
"#We_reject_domestic_violence_bill_2021","#We_reject_domestic_violence_bill_2021",,0,0.000828,4,0.458799,0.474378,0.303633
"#qandeelbaloch","#qandeelbaloch",,0,0.000762,4,0.435676,0.455353,0
"#JusticeForHaneefa","#JusticeForHaneefa",,2,0.000608,4,0.392239,0.410832,49.674253
"#justiceforsteve","#justiceforsteve",,2,0.000527,4,0.317085,0.324962,0
"#CourtingTheLaw","#CourtingTheLaw",,1,0.000793,4,0.374572,0.39244,3.234401
"#antirape","#antirape",,1,0.000732,4,0.374572,0.39244,1.617201
"#Zainabcase","#Zainabcase",,1,0.000669,4,0.355327,0.368721,0
"#MotorwayRapeCase","#MotorwayRapeCase",,4,0.000691,4,0.41556,0.43899,4.160971
42,42,,3,0.000308,5,0.318777,0.329833,0
"#NoorMuqaddam","#NoorMuqaddam",,3,0.000308,5,0.318777,0.329833,0
"#NoorMukadammurder","#NoorMukadammurder",,0,0.001103,5,0.398423,0.419254,49.122738
"#Jaildoctors","#Jaildoctors",,0,0.001038,5,0.398423,0.419254,39.298191
"#law","#law",,0,0.000974,5,0.398423,0.419254,29.473643
"#sc","#sc",,0,0.000908,5,0.398423,0.419254,19.649095
"#ihc","#ihc",,0,0.000841,5,0.398423,0.419254,9.824548
"#sqihla","#sqihla",,0,0.000773,5,0.319553,0.333638,0
"#Shahrukhjatoi","#Shahrukhjatoi",,3,0.000439,4,0.356484,0.368721,0
"#Zardari","#Zardari",,3,0.000404,5,0.323964,0.335287,0
"#AimanKhan","#AimanKhan",,3,0.000646,5,0.3977,0.416971,0.414176
"#NoorBukhari","#NoorBukhari",,3,0.000573,5,0.3977,0.416971,0.207088
"#JusticeForNoorMukadam","#JusticeForNoorMukadam",,3,0.000308,5,0.318777,0.329833,0
"#UAEWhereIsRashidHussain","#UAEWhereIsRashidHussain",,0,0.001533,4,0.451546,0.4707,3.078306
"#FridaysWithArmaan","#FridaysWithArmaan",,0,0.001471,4,0.451546,0.4707,2.736272
"#BachaKhanIconOfNonViolence","#BachaKhanIconOfNonViolence",,0,0.001409,4,0.451546,0.4707,2.394238
"#bachakhaniconofpeace","#bachakhaniconofpeace",,0,0.001347,4,0.451546,0.4707,2.052204
"#POCOX3","#POCOX3",,0,0.001285,4,0.451546,0.4707,1.71017
"#BALvKP","#BALvKP",,0,0.001223,4,0.451546,0.4707,1.368136
"#ShahAbdulLatifBhittai","#ShahAbdulLatifBhittai",,0,0.001161,4,0.451546,0.4707,1.026102
"#PinkRibbon","#PinkRibbon",,0,0.001098,4,0.451546,0.4707,0.684068
"#WalkTowardsHussain","#WalkTowardsHussain",,0,0.001035,4,0.451546,0.4707,0.342034
"#TrueSpiritOfIslam","#TrueSpiritOfIslam",,0,0.000972,4,0.424693,0.448376,0
"#ShehnaazGill","#ShehnaazGill",,1,0.003139,4,0.469957,0.49518,138.666219
"#GetWellSoonSkipper","#GetWellSoonSkipper",,1,0.004103,3,0.481319,0.508879,226.110019
"#GalaxyA52","#GalaxyA52",,0,0.001167,4,0.45625,0.474505,0
"#BuryingKashmirIsRejected","#BuryingKashmirIsRejected",,0,0.002377,4,0.461376,0.484145,18.955402
"#zohaibkhan","#zohaibkhan",,0,0.001042,4,0.45625,0.474505,0
"#zkwrites","#zkwrites",,0,0.00098,4,0.45625,0.474505,0
"#Court","#Court",,0,0.001761,4,0.458479,0.479325,10.349812
26,26,,0,0.000359,4,0.423052,0.441527,0
"#IslamabadCase","#IslamabadCase",,4,0.000944,4,0.347987,0.358828,0.213746
"#MotorwayCase","#MotorwayCase",,4,0.00194,4,0.460406,0.479325,285.796501
"#NoorMuqadamCase","#NoorMuqadamCase",,4,0.00086,4,0.347987,0.358828,0.142497
"#MinareEPakistanCase","#MinareEPakistanCase",,4,0.000775,4,0.347987,0.358828,0.071249
"#HyderabadCase","#HyderabadCase",,4,0.000687,4,0.347435,0.357686,0
"#motorwayrape","#motorwayrape",,0,0.000568,4,0.453729,0.468924,1.813863
"#Punjab","#Punjab",,2,0.001245,4,0.431102,0.452055,10.338447
"#hangtherapist","#hangtherapist",,0,0.000863,4,0.454043,0.470193,6.143297
"#JusticeForWomen","#JusticeForWomen",,0,0.000522,4,0.424145,0.443557,0
"#SackShireenMazari","#SackShireenMazari",,0,0.000711,4,0.451857,0.467402,0.829604
"#يوم_الجمعة","#يوم_الجمعة",,0,0.000641,4,0.451857,0.467402,0.414802
"#جمعة_مباركة","#جمعة_مباركة",,0,0.000568,4,0.423598,0.443049,0
"#DTD","#DTD",,0,0.000584,4,0.427734,0.447362,0
"#ATC","#ATC",,0,0.000918,4,0.457521,0.473998,5.090366
"#Balochistan","#Balochistan",,0,0.000546,4,0.424419,0.44381,0
"#JusticeForZainab","#JusticeForZainab",,0,0.000693,4,0.452479,0.468417,0.767018
"#HangRapistsPublically","#HangRapistsPublically",,0,0.001574,4,0.45784,0.475647,458.526324
"#Mansehra","#Mansehra",,0,0.001008,4,0.452791,0.469685,1.492583
"#BeautifulBeautiful","#BeautifulBeautiful",,0,0.000944,4,0.452791,0.469685,1.119437
"#BeautifulPakistan","#BeautifulPakistan",,0,0.00088,4,0.452791,0.469685,0.746291
"#motorway","#motorway",,0,0.003056,4,0.464311,0.486428,72.982683
"#Kashmir","#Kashmir",,0,0.000816,4,0.452791,0.469685,0.373146
"#kashmirHighWay","#kashmirHighWay",,0,0.00075,4,0.424419,0.445332,0
"#Newsonepk","#Newsonepk",,1,0.001576,4,0.435388,0.458143,0.968285
"#MazratKaySaath","#MazratKaySaath",,1,0.001518,4,0.435388,0.458143,0.860698
"#PTIGovernment","#PTIGovernment",,1,0.001461,4,0.435388,0.458143,0.75311
"#JUIF","#JUIF",,1,0.001403,4,0.435388,0.458143,0.645523
"#PPP","#PPP",,1,0.001345,4,0.435388,0.458143,0.537936
"#PTI","#PTI",,1,0.001287,4,0.435388,0.458143,0.430349
"#PMLN","#PMLN",,1,0.001229,4,0.435388,0.458143,0.322762
"#PDM","#PDM",,1,0.001897,4,0.440054,0.46347,21.665473
"#MaryamNawaz","#MaryamNawaz",,1,0.001171,4,0.435388,0.458143,0.215174
"#BilawalBhutto","#BilawalBhutto",,1,0.001113,4,0.435388,0.458143,0.107587
"#FazalurRehman","#FazalurRehman",,1,0.001054,4,0.426623,0.450406,0
"#Motorwayincident","#Motorwayincident",,0,0.000964,4,0.404308,0.425038,1.434776
"#AbidMalhi","#AbidMalhi",,0,0.001912,4,0.46235,0.481608,237.54681
"#ShafqatAli","#ShafqatAli",,0,0.001066,4,0.457521,0.474505,108.935603
"#INCPAK","#INCPAK",,0,0.000584,4,0.424145,0.444064,0
"#rapper","#rapper",,0,0.001001,4,0.453416,0.4707,1.145677
"#abused","#abused",,0,0.000938,4,0.453416,0.4707,0.763784
"#Violence","#Violence",,0,0.000874,4,0.453416,0.4707,0.381892
"#Police","#Police",,0,0.000809,4,0.424968,0.446347,0
"#DeathSentence","#DeathSentence",,0,0.001147,4,0.453729,0.471461,2.330826
"#Noormukadam","#Noormukadam",,2,0.000521,5,0.270482,0.277752,0
"#lockdown2021","#lockdown2021",,1,0.010645,3,0.49962,0.550482,2024.100397
"#visiongraphic","#visiongraphic",,0,0.001495,4,0.452791,0.472222,2.969676
"#Restoresaaraaab","#Restoresaaraaab",,0,0.001854,4,0.455301,0.477296,10.328732
"#kaptaan","#kaptaan",,0,0.001372,4,0.452791,0.472222,2.227257
"#Quran","#Quran",,0,0.00131,4,0.452791,0.472222,1.856047
"#WhatsApp","#WhatsApp",,0,0.001248,4,0.452791,0.472222,1.484838
"#UCLdraw","#UCLdraw",,0,0.001186,4,0.452791,0.472222,1.113628
"#ATEEZ","#ATEEZ",,0,0.001123,4,0.452791,0.472222,0.742419
"#Dubai","#Dubai",,0,0.001061,4,0.452791,0.472222,0.371209
"#GIDLE","#GIDLE",,0,0.000999,4,0.421424,0.44584,0
"#Rape","#Rape",,3,0.002908,3,0.472322,0.494165,853.948921
"#MukhtaranMai","#MukhtaranMai",,1,0.001156,4,0.370141,0.389016,15.326134
"#ThankYouPrimeMinister","#ThankYouPrimeMinister",,1,0.001261,4,0.370767,0.390791,33.407357
"#Woman","#Woman",,1,0.001234,4,0.348172,0.363014,13.264003
"#Women","#Women",,1,0.00128,4,0.364797,0.383562,40.582633
"#MeToo","#MeToo",,1,0.001215,4,0.364797,0.383562,39.341249
"#CCPOLahore","#CCPOLahore",,1,0.002126,4,0.466951,0.487823,327.638991
"#MotorWayIncident","#MotorWayIncident",,1,0.00115,4,0.364191,0.382293,38.099866
"#RemoveCCPOLahore","#RemoveCCPOLahore",,1,0.00254,4,0.468282,0.49036,594.637301
165,165,,1,0.000287,4,0.333841,0.344242,0
"#hamidmir","#hamidmir",,1,0.000356,4,0.414511,0.435819,0
"#CCPO","#CCPO",,1,0.000356,4,0.414511,0.435819,0
132,132,,1,0.000356,4,0.414511,0.435819,0
24,24,,1,0.000287,4,0.333841,0.344242,0
"#19MarchLahoreDharna","#19MarchLahoreDharna",,1,0.001879,3,0.468951,0.48757,14.277295
"#نوروز","#نوروز",,1,0.001741,4,0.459119,0.478818,15.614605
"#Coronaviruspakistan","#Coronaviruspakistan",,1,0.001136,4,0.431953,0.453577,0.735572
"#انصاف_کرو_سیاست_نہیں","#انصاف_کرو_سیاست_نہیں",,1,0.001077,4,0.431953,0.453577,0.588457
"#releasekhurramali","#releasekhurramali",,1,0.001019,4,0.431953,0.453577,0.441343
"#Technologist_Protest_24March","#Technologist_Protest_24March",,1,0.00169,4,0.459762,0.48034,10.855652
"#Nowruz","#Nowruz",,0,0.002924,4,0.463329,0.488711,58.880846
"#pakistanmovingforward","#pakistanmovingforward",,1,0.000843,4,0.416614,0.441908,0
"#EnforceTrafficLawsRigorously","#EnforceTrafficLawsRigorously",,1,0.000356,4,0.414511,0.435819,0
"#جیو_ہزاروں_سال_کپتان","#جیو_ہزاروں_سال_کپتان",,2,0.002853,4,0.468282,0.493278,81.453439
"#Corona","#Corona",,1,0.000768,4,0.45,0.466895,0.966227
"#Kaptaan","#Kaptaan",,1,0.000703,4,0.45,0.466895,0.483114
"#Vaccination","#Vaccination",,1,0.000637,4,0.41556,0.438864,0
"#BreakingNews","#BreakingNews",,1,0.004057,3,0.477818,0.504313,209.484045
"#19thMarchLahoreDharna","#19thMarchLahoreDharna",,1,0.000818,4,0.450308,0.467656,0.927837
"#Sinopharm","#Sinopharm",,1,0.000754,4,0.450308,0.467656,0.463919
"#PakistanMovingForward","#PakistanMovingForward",,1,0.000689,4,0.415823,0.439625,0
"#10bmnews","#10bmnews",,1,0.000984,3,0.460729,0.477169,2.333188
"#latestnews","#latestnews",,1,0.000918,4,0.455301,0.472476,1.3911
"#GetWellSoonPMIK","#GetWellSoonPMIK",,2,0.002195,4,0.438292,0.464358,35.5689
"#IndusAapSeHai","#IndusAapSeHai",,1,0.000737,4,0.427178,0.44825,0.338647
"#NizamBadloBikeRally23rdMarch","#NizamBadloBikeRally23rdMarch",,1,0.00067,4,0.415823,0.439625,0
"#COVID19","#COVID19",,1,0.00251,4,0.461701,0.484906,47.659127
"#lockdown","#lockdown",,1,0.002,4,0.434811,0.461187,8.205939
"#LUMS","#LUMS",,1,0.003286,4,0.442424,0.47311,79.491185
"#BREAKING","#BREAKING",,1,0.001968,4,0.465627,0.487189,14.915609
"#INDvENG","#INDvENG",,1,0.001905,4,0.461053,0.483384,12.441567
"#BTSV","#BTSV",,1,0.001569,4,0.43395,0.458904,0.642299
"#JUSTICE","#JUSTICE",,1,0.001798,4,0.43395,0.458904,1.070498
"#CoupleGoals","#CoupleGoals",,1,0.001511,4,0.43395,0.458904,0.535249
"#HanKer","#HanKer",,1,0.001454,4,0.43395,0.458904,0.428199
"#JusticeLeague","#JusticeLeague",,1,0.001396,4,0.43395,0.458904,0.321149
"#ADA","#ADA",,1,0.001339,4,0.43395,0.458904,0.2141
"#FarmersProtest","#FarmersProtest",,1,0.001281,4,0.43395,0.458904,0.10705
"#JUNGKOOK","#JUNGKOOK",,1,0.001223,4,0.418471,0.447235,0
"#سلام_یاامیرالمجاہدین","#سلام_یاامیرالمجاہدین",,1,0.000709,4,0.416086,0.440386,0
"#AnilDeshmukh","#AnilDeshmukh",,1,0.000726,4,0.416086,0.440386,0
"#ImranKhanMyPM","#ImranKhanMyPM",,2,0.001145,4,0.429693,0.452308,0.577048
"#imrankhancovidpositive","#imrankhancovidpositive",,2,0.001081,4,0.429693,0.452308,0.384699
"#PrimeMinisterImrankhan","#PrimeMinisterImrankhan",,2,0.001017,4,0.429693,0.452308,0.192349
"#PMIK","#PMIK",,2,0.000953,4,0.417143,0.44343,0
"#GetWellSoonImranKhan","#GetWellSoonImranKhan",,2,0.001592,4,0.431669,0.456114,8.39005
"#londonprotest","#londonprotest",,0,0.003113,3,0.467283,0.49239,82.803835
"#INDvsENG","#INDvsENG",,0,0.003169,4,0.46235,0.489219,83.409585
"#ayesha","#ayesha",,3,0.000678,4,0.353606,0.366819,2.136259
"#insaaf","#insaaf",,3,0.000606,4,0.343979,0.353881,0
"#PMImranKhan","#PMImranKhan",,1,0.000654,4,0.421694,0.443557,0.535806
"#mariamforever","#mariamforever",,3,0.000762,5,0.334521,0.343404,656
"#justiceformariam","#justiceformariam",,3,0.000551,6,0.250763,0.254845,0
"#whereismariam","#whereismariam",,1,0.000822,5,0.358233,0.371055,6.655373
"#JusticeForMariam","#JusticeForMariam",,0,0.002828,5,0.419808,0.443354,3240.034793
"#مريم_وين","#مريم_وين",,1,0.000679,5,0.358233,0.371055,2.218458
"#العدالة_لمريم","#العدالة_لمريم",,1,0.000892,5,0.392708,0.412151,85.810367
"#NewProfilePic","#NewProfilePic",,0,0.000644,5,0.392239,0.410629,65.204339
"#حق_مريم_لن_يضيع","#حق_مريم_لن_يضيع",,0,0.000537,6,0.295946,0.304845,0
"#MariamDeservesBetter","#MariamDeservesBetter",,0,0.000354,6,0.295813,0.304084,0
"#JusticeForNikita","#JusticeForNikita",,0,0.000354,6,0.295813,0.304084,0
"#germany","#germany",,1,0.000506,6,0.295946,0.304845,0
"#boycottfranceproducts","#boycottfranceproducts",,0,0.000644,5,0.392239,0.410629,65.204339
"#boycottfrance","#boycottfrance",,0,0.000537,6,0.295946,0.304845,0
"#pedophelia","#pedophelia",,0,0.000555,5,0.392708,0.411136,23.86156
"#justiceforMariam","#justiceforMariam",,0,0.000457,5,0.319553,0.327093,0
"#MotorwayRape","#MotorwayRape",,0,0.000625,4,0.450308,0.466134,0.568353
"#lahore","#lahore",,0,0.001387,4,0.451857,0.469939,13.616378
"#sialkot","#sialkot",,0,0.000553,4,0.414773,0.437722,0
"#ARYNewsUrdu","#ARYNewsUrdu",,0,0.000368,4,0.413989,0.435946,0
"#RapistStonnedToDeath","#RapistStonnedToDeath",,0,0.00067,4,0.454986,0.469939,1.516607
15,15,,0,0.000419,4,0.412429,0.434424,0
"#rickshawincident","#rickshawincident",,1,0.000564,4,0.45,0.465373,0.60776
"#11thhour","#11thhour",,1,0.000485,4,0.413989,0.436454,0
"#NoorMuqadam","#NoorMuqadam",,5,0.000754,4,0.449692,0.466134,1.110599
"#quratulain","#quratulain",,5,0.000688,4,0.449692,0.466134,0.555299
"#zainab","#zainab",,5,0.000777,4,0.41556,0.440005,0.734145
"#WeNeedJustice","#WeNeedJustice",,0,0.000457,4,0.413989,0.436454,0
"#noormukaddamincident","#noormukaddamincident",,3,0.000373,4,0.412948,0.434932,0
"#StopAbbusingVulnerables","#StopAbbusingVulnerables",,0,0.000549,4,0.448158,0.463343,0.636751
"#MinarePakistanIncident","#MinarePakistanIncident",,0,0.000451,4,0.412429,0.434424,0
"#HangRapists","#HangRapists",,1,0.00178,4,0.463002,0.480594,31.933335
"#hangrapistspublicly","#hangrapistspublicly",,0,0.001721,4,0.463329,0.480847,33.546661
"#PublicHangingOfRapists","#PublicHangingOfRapists",,0,0.001922,4,0.451236,0.470954,34.017891
"#جنسی_درندےکوسرعام_پھانسی_دو","#جنسی_درندےکوسرعام_پھانسی_دو",,0,0.000296,4,0.412171,0.433663,0
"#justiceforzainab","#justiceforzainab",,0,0.000954,4,0.449692,0.466134,5.420596
"#JusticeForAyesha","#JusticeForAyesha",,0,0.000653,4,0.449384,0.465373,0.599705
"#justicefoefatima","#justicefoefatima",,0,0.00058,4,0.413468,0.436454,0
"#RapistPMLN","#RapistPMLN",,0,0.00041,4,0.412429,0.434424,0
"#HerAllies","#HerAllies",,2,0.000714,4,0.426623,0.444952,1.022725
"#consent","#consent",,2,0.000637,4,0.426623,0.444952,0.511363
"#manels","#manels",,2,0.000553,4,0.412688,0.435185,0
"#Motorway","#Motorway",,0,0.001372,4,0.457521,0.474505,20.468548
"#WarAgainstrape","#WarAgainstrape",,0,0.000941,4,0.449384,0.466388,1.751221
"#Todaytheyrapedwomen","#Todaytheyrapedwomen",,0,0.000875,4,0.449384,0.466388,1.16748
"#HangRapist","#HangRapist",,0,0.000809,4,0.449384,0.466388,0.58374
"#hangtilldeath","#hangtilldeath",,0,0.000741,4,0.413468,0.437468,0
"#WarAgainstRape","#WarAgainstRape",,0,0.00053,4,0.412948,0.435946,0
"#ccpo","#ccpo",,0,0.000549,4,0.448158,0.463343,0.636751
"#rapeculture","#rapeculture",,0,0.000451,4,0.412429,0.434424,0
"#usmanmirzascandal","#usmanmirzascandal",,0,0.000397,4,0.412429,0.434424,0
"#MeraQusoorKiaHai","#MeraQusoorKiaHai",,3,0.001303,4,0.427456,0.449645,1.982251
"#Sexualassault","#Sexualassault",,3,0.001237,4,0.427456,0.449645,1.699072
"#GulPanra","#GulPanra",,3,0.001171,4,0.427456,0.449645,1.415894
"#Marwah","#Marwah",,3,0.001039,4,0.427456,0.449645,0.849536
"#Shaheenbaloch","#Shaheenbaloch",,3,0.000972,4,0.427456,0.449645,0.566357
"#sexualabuse","#sexualabuse",,3,0.000905,4,0.427456,0.449645,0.283179
"#womenpower","#womenpower",,3,0.000837,4,0.416878,0.441781,0
"#SayNoToBahriaTown","#SayNoToBahriaTown",,2,0.001567,4,0.450617,0.469432,19.338142
"#Haryana","#Haryana",,2,0.000946,4,0.427456,0.447235,1.833703
"#Farmers","#Farmers",,2,0.000879,4,0.427456,0.447235,1.222469
"#RespectForOverseas","#RespectForOverseas",,2,0.000811,4,0.427456,0.447235,0.611234
"#CPvSIN","#CPvSIN",,2,0.000742,4,0.413468,0.437468,0
"#EnoughIsEnough","#EnoughIsEnough",,6,0.000544,4,0.429131,0.446981,0.272875
"#stopblamingvictims","#stopblamingvictims",,6,0.00045,4,0.412429,0.434424,0
"#FixitPakistan","#FixitPakistan",,0,0.000385,4,0.413208,0.435185,0
"#M2","#M2",,0,0.00144,4,0.450617,0.469432,3.98841
"#dakaiti","#dakaiti",,0,0.001378,4,0.450617,0.469432,3.489859
"#robbery","#robbery",,0,0.001315,4,0.450617,0.469432,2.991308
"#UsmanBuzdar","#UsmanBuzdar",,0,0.001253,4,0.450617,0.469432,2.492756
"#GovtofPakistan","#GovtofPakistan",,0,0.001191,4,0.450617,0.469432,1.994205
"#PunjabPolice","#PunjabPolice",,0,0.001345,4,0.450927,0.470193,9.003248
"#pindibhattian","#pindibhattian",,0,0.001065,4,0.450617,0.469432,0.997103
"#motorwaypolice","#motorwaypolice",,0,0.001002,4,0.450617,0.469432,0.498551
"#PunjabPoliceOfficialPakistan","#PunjabPoliceOfficialPakistan",,0,0.000938,4,0.414511,0.440512,0
"#MeraJismMeriMarzi","#MeraJismMeriMarzi",,0,0.000378,4,0.412429,0.434424,0
"#PeshawarMotorway","#PeshawarMotorway",,0,0.000709,4,0.448464,0.464105,1.260785
"#AdeelShah","#AdeelShah",,0,0.000634,4,0.448464,0.464105,0.630392
"#JusticeForAdeel","#JusticeForAdeel",,0,0.000551,4,0.412688,0.435185,0
"#News360","#News360",,0,0.000296,4,0.412171,0.433663,0
"#DonaldTrump","#DonaldTrump",,2,0.000743,4,0.44877,0.464866,1.242004
"#fridaymorning","#fridaymorning",,2,0.000673,4,0.44877,0.464866,0.621002
"#غدار_اور_نمک_حرام_نوازشریف","#غدار_اور_نمک_حرام_نوازشریف",,2,0.000599,4,0.412948,0.435946,0
"#UmerShaikh","#UmerShaikh",,1,0.000648,4,0.415823,0.439751,0
"#ThoughtForTheDay","#ThoughtForTheDay",,1,0.001149,4,0.430537,0.450786,1.359586
"#AutomotiveIndustry","#AutomotiveIndustry",,1,0.00109,4,0.430537,0.450786,1.132989
"#roadTrip","#roadTrip",,1,0.00103,4,0.430537,0.450786,0.906391
"#cars","#cars",,1,0.00097,4,0.430537,0.450786,0.679793
"#potholetracker","#potholetracker",,1,0.00091,4,0.430537,0.450786,0.453195
"#RoadSafety","#RoadSafety",,1,0.000849,4,0.430537,0.450786,0.226598
"#CircleMaze","#CircleMaze",,1,0.000786,4,0.413728,0.438229,0
"#rapecase","#rapecase",,0,0.000455,4,0.412688,0.435185,0
"#BlameTheRapistOnly","#BlameTheRapistOnly",,1,0.000366,4,0.414773,0.436707,0
"#AbidAli","#AbidAli",,0,0.000379,4,0.412429,0.434424,0
"#پنجاب_پولیس_کو_لگام_دو","#پنجاب_پولیس_کو_لگام_دو",,0,0.000372,4,0.412429,0.434424,0
"#ModelTownMassacre","#ModelTownMassacre",,0,0.000296,4,0.412171,0.433663,0
"#UPDATE","#UPDATE",,1,0.001608,4,0.431953,0.454592,1.666748
"#Xbox","#Xbox",,1,0.00155,4,0.431953,0.454592,1.515225
"#SeriesX","#SeriesX",,1,0.001493,4,0.431953,0.454592,1.363703
"#RESTOCK","#RESTOCK",,1,0.001435,4,0.431953,0.454592,1.21218
"#gamestophearing","#gamestophearing",,1,0.00132,4,0.431953,0.454592,0.909135
"#targets","#targets",,1,0.001262,4,0.431953,0.454592,0.757613
"#Walmart","#Walmart",,1,0.001204,4,0.431953,0.454592,0.60609
44,44,,0,0.000296,4,0.412171,0.433663,0
"#Evil","#Evil",,1,0.001088,4,0.431953,0.454592,0.303045
"#gamedev","#gamedev",,1,0.001029,4,0.431953,0.454592,0.151523
"#USA","#USA",,1,0.000971,4,0.415035,0.442035,0
"#motorbike","#motorbike",,0,0.000555,4,0.448464,0.464105,0
"#motorcycle","#motorcycle",,0,0.001597,4,0.457521,0.476027,6.881189
"#Motorsport","#Motorsport",,0,0.001539,4,0.450927,0.470193,5.266616
"#کہاں_ہے_ریپسٹ_قانون","#کہاں_ہے_ریپسٹ_قانون",,0,0.000296,4,0.412171,0.433663,0
"#socialdilemma","#socialdilemma",,0,0.001005,4,0.449384,0.466388,2.965516
"#SocialMediaRulesNeeded","#SocialMediaRulesNeeded",,0,0.000942,4,0.449384,0.466388,2.372412
"#socialmediamarketing","#socialmediamarketing",,0,0.000878,4,0.449384,0.466388,1.779309
"#PeterKennethTruths","#PeterKennethTruths",,0,0.000813,4,0.449384,0.466388,1.186206
"#AmongUs","#AmongUs",,0,0.00068,4,0.413468,0.437468,0
"#justiceforjawad","#justiceforjawad",,0,0.000296,4,0.412171,0.433663,0
"#India","#India",,0,0.0014,4,0.450308,0.468671,4.330159
"#JusticeForHareem","#JusticeForHareem",,0,0.000296,4,0.412171,0.433663,0
"#MotoGP","#MotoGP",,0,0.001383,4,0.450617,0.469432,3.662743
"#Motorola","#Motorola",,0,0.001321,4,0.450617,0.469432,3.139494
"#MotorcycleLife","#MotorcycleLife",,0,0.001258,4,0.450617,0.469432,2.616245
"#LIVE","#LIVE",,0,0.001196,4,0.450617,0.469432,2.092996
"#دباب","#دباب",,0,0.001133,4,0.450617,0.469432,1.569747
"#دراجتي_الرياض","#دراجتي_الرياض",,0,0.00107,4,0.450617,0.469432,1.046498
"#دراجات","#دراجات",,0,0.001007,4,0.450617,0.469432,0.523249
"#BIKER","#BIKER",,0,0.000944,4,0.414511,0.440512,0
"#Romford","#Romford",,1,0.000938,4,0.429974,0.449264,0.998693
"#A12","#A12",,1,0.000877,4,0.429974,0.449264,0.74902
"#emergencyservices","#emergencyservices",,1,0.000814,4,0.429974,0.449264,0.499346
"#london","#london",,1,0.00075,4,0.429974,0.449264,0.249673
"#essex","#essex",,1,0.000683,4,0.413208,0.436707,0
"#zalimkosazado","#zalimkosazado",,3,0.000553,4,0.423598,0.443049,0.558964
"#طلبہ_کو_پڑھنے_دو","#طلبہ_کو_پڑھنے_دو",,3,0.000453,4,0.412429,0.434424,0
"#Viral","#Viral",,0,0.000962,4,0.449077,0.465627,2.436431
"#viralvideo","#viralvideo",,0,0.000896,4,0.449077,0.465627,1.827323
"#petrolPrice","#petrolPrice",,0,0.00083,4,0.449077,0.465627,1.218215
"#DieselPrice","#DieselPrice",,0,0.000761,4,0.449077,0.465627,0.609108
"#traffic","#traffic",,0,0.000691,4,0.413208,0.436707,0
"#supremecourtofindia","#supremecourtofindia",,0,0.001338,4,0.450308,0.468671,3.788889
"#claims","#claims",,0,0.001275,4,0.450308,0.468671,3.247619
"#motoraccident","#motoraccident",,0,0.001213,4,0.450308,0.468671,2.70635
"#roadsafety","#roadsafety",,0,0.00115,4,0.450308,0.468671,2.16508
"#insurance","#insurance",,0,0.001087,4,0.450308,0.468671,1.62381
"#Law","#Law",,0,0.001024,4,0.450308,0.468671,1.08254
"#NewsUpdate","#NewsUpdate",,0,0.00096,4,0.450308,0.468671,0.54127
"#RoadSafetyWorldSeries2021","#RoadSafetyWorldSeries2021",,0,0.000896,4,0.41425,0.439751,0
"#ushnashah","#ushnashah",,0,0.000296,4,0.412171,0.433663,0
"#Jail","#Jail",,0,0.000368,4,0.412429,0.434424,0
"#maybach","#maybach",,0,0.001294,4,0.45,0.46791,3.923292
"#MercedesMaybach","#MercedesMaybach",,0,0.001231,4,0.45,0.46791,3.362822
"#MercedesAMG","#MercedesAMG",,0,0.001168,4,0.45,0.46791,2.802351
"#brabus","#brabus",,0,0.001105,4,0.45,0.46791,2.241881
"#G700","#G700",,0,0.001042,4,0.45,0.46791,1.681411
"#abdelivers","#abdelivers",,0,0.000978,4,0.45,0.46791,1.120941
"#abdelivered","#abdelivered",,0,0.000914,4,0.45,0.46791,0.56047
"#Mercedes","#Mercedes",,0,0.000849,4,0.413989,0.43899,0
"#M40","#M40",,0,0.000296,4,0.412171,0.433663,0
"#JusticeForMarwah","#JusticeForMarwah",,0,0.000296,4,0.412171,0.433663,0
"#Sunday","#Sunday",,3,0.001328,4,0.425243,0.447615,2.200204
"#March","#March",,3,0.001263,4,0.425243,0.447615,1.88589
"#ATCJudgment","#ATCJudgment",,3,0.001197,4,0.425243,0.447615,1.571575
"#LahorePolice","#LahorePolice",,3,0.00113,4,0.425243,0.447615,1.25726
"#PDMFuture","#PDMFuture",,3,0.001064,4,0.425243,0.447615,0.942945
"#NAB","#NAB",,3,0.000997,4,0.425243,0.447615,0.62863
"#ElectionComissionOfPakistan","#ElectionComissionOfPakistan",,3,0.000929,4,0.425243,0.447615,0.314315
"#SenateElection","#SenateElection",,3,0.000861,4,0.413989,0.43899,0
"#AafiaLifeIsInDanger","#AafiaLifeIsInDanger",,2,0.001022,4,0.421694,0.44381,0.803584
"#MothersDay","#MothersDay",,2,0.000959,4,0.421694,0.44381,0.642867
11,11,,0,0.000296,4,0.412171,0.433663,0
"#abidmalhi","#abidmalhi",,0,0.000685,4,0.449077,0.465627,0.574649
"#shafqatbagga","#shafqatbagga",,0,0.000616,4,0.413468,0.436961,0
"#AlanpurNews","#AlanpurNews",,0,0.000901,4,0.449384,0.466388,2.640224
"#JusticeServed","#JusticeServed",,0,0.000296,4,0.412171,0.433663,0
"#publiclyhangrapists","#publiclyhangrapists",,0,0.000373,4,0.412429,0.434424,0
"#Peaches","#Peaches",,0,0.000296,4,0.412171,0.433663,0
"#gangrape","#gangrape",,0,0.000296,4,0.412171,0.433663,0
17,17,,0,0.000296,4,0.412171,0.433663,0
"#motherlove","#motherlove",,1,0.000547,4,0.448464,0.464105,0.612803
"#MothersDay2021","#MothersDay2021",,1,0.000469,4,0.412688,0.435185,0
"#streetharassment","#streetharassment",,0,0.000296,4,0.412171,0.433663,0
"#CapitalTV","#CapitalTV",,0,0.001014,4,0.454671,0.471461,6.17577
"#mksw85official","#mksw85official",,1,0.000568,4,0.429412,0.447742,0.260902
"#ImperialNews92","#ImperialNews92",,1,0.000492,4,0.412688,0.435185,0
"#SaddiqulFarooq","#SaddiqulFarooq",,0,0.000436,4,0.412688,0.435185,0
"#justiceserved","#justiceserved",,0,0.000549,4,0.448158,0.463343,0.636751
"#death_for_rapists","#death_for_rapists",,0,0.000451,4,0.412429,0.434424,0
"#GTVNews","#GTVNews",,0,0.000296,4,0.412171,0.433663,0
"#ARYNews","#ARYNews",,4,0.000438,4,0.41425,0.436707,0
"#HASHTAGS","#HASHTAGS",,0,0.000296,4,0.412171,0.433663,0
"#capitalpunishment","#capitalpunishment",,0,0.000296,4,0.412171,0.433663,0
"#colorclause","#colorclause",,0,0.002175,4,0.453416,0.476281,4.622486
"#Fiverr","#Fiverr",,0,0.002113,4,0.453416,0.476281,4.292308
"#TheFalconAndTheWinterSoldier","#TheFalconAndTheWinterSoldier",,0,0.002052,4,0.453416,0.476281,3.962131
"#twitch","#twitch",,0,0.001991,4,0.453416,0.476281,3.631953
"#got7radio","#got7radio",,0,0.001929,4,0.453416,0.476281,3.301776
"#Fortnite","#Fortnite",,0,0.001868,4,0.453416,0.476281,2.971598
"#JasminBhasin","#JasminBhasin",,0,0.001807,4,0.453416,0.476281,2.641421
"#JAYB","#JAYB",,0,0.001745,4,0.453416,0.476281,2.311243
"#kalytera","#kalytera",,0,0.001684,4,0.453416,0.476281,1.981065
"#Marjaneya","#Marjaneya",,0,0.001623,4,0.453416,0.476281,1.650888
"#OC","#OC",,0,0.001561,4,0.453416,0.476281,1.32071
"#pordenoneday","#pordenoneday",,0,0.0015,4,0.453416,0.476281,0.990533
"#RRRMovie","#RRRMovie",,0,0.001438,4,0.453416,0.476281,0.660355
"#SaturdayMotivation","#SaturdayMotivation",,0,0.001377,4,0.453416,0.476281,0.330178
"#ViratKohli","#ViratKohli",,0,0.001315,4,0.416878,0.447362,0
"#Shame","#Shame",,0,0.000363,4,0.416878,0.438737,0
"#IslamicLaw","#IslamicLaw",,0,0.000842,4,0.44877,0.464866,1.86327
"#Positive","#Positive",,0,0.000773,4,0.44877,0.464866,1.24218
"#Crimes","#Crimes",,0,0.000702,4,0.44877,0.464866,0.62109
"#RiasatEMadina","#RiasatEMadina",,0,0.000627,4,0.412948,0.435946,0
"#modeltown","#modeltown",,0,0.000296,4,0.412171,0.433663,0
"#CMBuzdarOnDunyaNews","#CMBuzdarOnDunyaNews",,1,0.000441,4,0.415035,0.437468,0
"#Bayern","#Bayern",,1,0.001641,4,0.431953,0.454592,1.833144
"#Lewy","#Lewy",,1,0.001583,4,0.431953,0.454592,1.666495
"#Dortmund","#Dortmund",,1,0.001526,4,0.431953,0.454592,1.499845
"#Igbos","#Igbos",,1,0.001468,4,0.431953,0.454592,1.333196
"#Batman","#Batman",,1,0.00141,4,0.431953,0.454592,1.166546
"#aneketwins","#aneketwins",,1,0.001352,4,0.431953,0.454592,0.999897
"#Makinde","#Makinde",,1,0.001294,4,0.431953,0.454592,0.833247
"#kerabling","#kerabling",,1,0.001236,4,0.431953,0.454592,0.666598
"#obuasi","#obuasi",,1,0.001178,4,0.431953,0.454592,0.499948
"#atwinsdesign","#atwinsdesign",,1,0.00112,4,0.431953,0.454592,0.333299
"#aneketwinstv","#aneketwinstv",,1,0.001062,4,0.431953,0.454592,0.166649
"#SaintsFC","#SaintsFC",,1,0.001003,4,0.415035,0.442035,0
"#goodnight","#goodnight",,1,0.000824,4,0.429693,0.448503,0.778276
"#PositiveVibesOnly","#PositiveVibesOnly",,1,0.00076,4,0.429693,0.448503,0.518851
"#motivation","#motivation",,1,0.000693,4,0.429693,0.448503,0.259425
"#MotivationalQuotes","#MotivationalQuotes",,1,0.000621,4,0.412948,0.435946,0
"#RuleofLaw","#RuleofLaw",,0,0.000296,4,0.412171,0.433663,0
"#GujjarPuraMotorway","#GujjarPuraMotorway",,4,0.000722,5,0.392473,0.41139,1.81325
"#MahreenSibtain","#MahreenSibtain",,4,0.000652,5,0.392473,0.41139,1.208833
"#raisingboys","#raisingboys",,0,0.001304,4,0.396022,0.417428,42.698082
"#mentalconditioning","#mentalconditioning",,0,0.001242,4,0.396022,0.417428,37.360822
"#psychologicalleadership","#psychologicalleadership",,0,0.001179,4,0.396022,0.417428,32.023562
"#socialvalues","#socialvalues",,0,0.001117,4,0.396022,0.417428,26.686301
"#moralvalues","#moralvalues",,0,0.001054,4,0.396022,0.417428,21.349041
"#mahfoozaurat","#mahfoozaurat",,0,0.000991,4,0.396022,0.417428,16.011781
"#noormuqadam","#noormuqadam",,0,0.000799,5,0.330483,0.343531,0
"#MotowayIncident","#MotowayIncident",,0,0.000294,5,0.324926,0.333638,0
"#pmln","#pmln",,0,0.000294,5,0.324926,0.333638,0
"#MotorwayPolice","#MotorwayPolice",,2,0.001105,5,0.346519,0.357103,14.669079
"#MotorwayOfficerHit","#MotorwayOfficerHit",,2,0.001039,5,0.346519,0.357103,11.735263
"#IndependentJudiciary","#IndependentJudiciary",,2,0.000972,5,0.346519,0.357103,8.801447
"#JusticeForSale","#JusticeForSale",,2,0.000905,5,0.346519,0.357103,5.867631
"#MajeedAchakzai","#MajeedAchakzai",,2,0.000837,5,0.346519,0.357103,2.933816
"#TwoPakistanNotOne","#TwoPakistanNotOne",,2,0.000767,5,0.325409,0.334652,0
"#GraphicWalaDesigner","#GraphicWalaDesigner",,2,0.000303,5,0.324605,0.330847,0
"#TalhaInsafian","#TalhaInsafian",,2,0.000303,5,0.324605,0.330847,0
"#GeoNews","#GeoNews",,0,0.000456,5,0.326541,0.334906,0
"#CrimeScene","#CrimeScene",,5,0.000613,5,0.390606,0.408853,154.100892
"#truecrime","#truecrime",,5,0.000509,6,0.284785,0.2931,0
"#DontBlamePakistan","#DontBlamePakistan",,0,0.000775,5,0.391304,0.410122,129.605627
"#motorwayIncident","#motorwayIncident",,0,0.000704,5,0.391304,0.410122,86.403751
"#Hang_RapistsInPublic","#Hang_RapistsInPublic",,0,0.000546,5,0.314505,0.321892,0
"#woman","#woman",,1,0.000652,4,0.323486,0.334094,0
"#Rapists","#Rapists",,1,0.000799,4,0.323805,0.335616,0
"#DialoguePakistan","#DialoguePakistan",,0,0.000524,4,0.395545,0.414384,0
"#JusticeforMariam","#JusticeforMariam",,7,0.000228,0,0,0,0
"#justiceForMariam","#justiceForMariam",,8,0.000228,0,0,0,0
"#JUSTICEFORMARIAM","#JUSTICEFORMARIAM",,9,0.000228,0,0,0,0
"#JusticeFormariam","#JusticeFormariam",,10,0.000228,0,0,0,0
"#JusticeForMiriam","#JusticeForMiriam",,11,0.000228,0,0,0,0
"#justiceForNoor","#justiceForNoor",,12,0.000228,0,0,0,0
