#noormukadam,#noormuqaddam,35
#noormukadam,#JusticeForNoormukadam,34
#noormukadam,#zahirjaffer,113
#noormukadam,#pakistan,40
#noormukadam,#mullahs,1
#noormukadam,#fitna,1
#noormukadam,#dajjal,1
#noormukadam,#asmatadamkhoor,4
#noormukadam,#zakirjaffer,7
#noormukadam,#justicefornoor,28
#noormukadam,#hangzahirjaffer,16
#noormukadam,#Nonsense,4
#noormukadam,#Capital_punshiment,2
#noormukadam,#Oscar,4
#noormukadam,#actor,4
#noormukadam,#nations,4
#noormukadam,#noormukaddam,5
#noormukadam,#Justicefornoor,4
#noormukadam,#zahirjaffar,7
#noormukadam,#mukaddams,2
#noormukadam,#darinda,1
#noormukadam,#JusticeForNoor,7
#noormukadam,#JusticeforNoor,3
#noormukadam,#AsmatAdamjee,3
#noormukadam,#JusticeSystemPakistan,3
#noormukadam,#Pakistan,4
#noormukadam,#Justice,3
#noormukadam,#ZahirJaffer,1
#noormukadam,#IHC,1
#noormukadam,#Scumbag,3
#noormukadam,#PMTakeNotice4NoorMukadam,5
#noormukadam,#isbtoday,1
#noormukadam,#islamabad,1
#noormukadam,#murdercase,1
#noormukadam,#AskerAward,1
#noormukadam,#noorneedjustice,1
#noormukadam,#asmatadamjee,3
#noormukadam,#jaffers,1
#noormukadam,#media,1
#noormukadam,#JusticeForNooorMukadam,1
#noormukadam,#ZahirJaffar,1
#noormukadam,#Islamabad,1
#noormukadam,#justicedelayedisjusticedenied,1
#noormukadam,#thousandsolededsuns,1
#noormukadam,#OkaraIncident,1
#noormukadam,#motorwayincident,5
#noormukadam,#400men,2
#noormukadam,#PakistanMurdabad,1
#noormukadam,#minarepakistan,1
#noormukadam,#minarepakistanincident,2
#noormukadam,#UsmanMirza,1
#noormukadam,#MinarePakistan,1
#noormukadam,#ayeshaakram,1
#noormukadam,#yesallmen,1
#noormuqaddam,#JusticeForNoormukadam,34
#noormuqaddam,#zahirjaffer,46
#noormuqaddam,#pakistan,40
#noormuqaddam,#NoorMukadam,6
#noormuqaddam,#noormukaddam,7
#noormuqaddam,#ZahirJaffar,6
#noormuqaddam,#JusticeForNoor,10
#noormuqaddam,#NoOneIsAboveTheLaw,9
#noormuqaddam,#NawazSharif,9
#noormuqaddam,#Selfdefense,2
#noormuqaddam,#VAW,2
#noormuqaddam,#HARASSMENTRISK,2
#noormuqaddam,#womenempowerment,2
#noormuqaddam,#girlpower,2
#noormuqaddam,#minarepakistanincident,2
#noormuqaddam,#MotorwayIncident,2
#noormuqaddam,#minarepakistan,13
#noormuqaddam,#justiceforquratulain,12
#noormuqaddam,#motorwayincident,14
#noormuqaddam,#khadijasiddiqi,12
#noormuqaddam,#acidattacks,12
#noormuqaddam,#naseembibi,13
#noormuqaddam,#DomesticViolenceBill,12
#noormuqaddam,#zainabansari,1
#noormuqaddam,#goatlivesmatter,1
#noormuqaddam,#mukhtarmai,1
#noormuqaddam,#acidattack,1
#noormuqaddam,#ayeshaakram,1
#noormuqaddam,#cybercrime,1
#noormuqaddam,#rape,1
#noormuqaddam,#WomensRights,1
#noormuqaddam,#auratmarch,1
#noormuqaddam,#feminism,1
#noormuqaddam,#metoo,1
#noormuqaddam,#Motorwaycase,1
#noormuqaddam,#Islamabad,1
#noormuqaddam,#usmanmirza,1
#JusticeForNoormukadam,#zahirjaffer,36
#JusticeForNoormukadam,#pakistan,34
#JusticeForNoormukadam,#ZahirJaffar,3
#JusticeForNoormukadam,#NoorMukadam,5
#JusticeForNoormukadam,#noormukaddam,3
#JusticeForNoormukadam,#JusticeForNoor,3
#zahirjaffer,#pakistan,46
#zahirjaffer,#NoorMukadam,94
#zahirjaffer,#noormukaddam,61
#zahirjaffer,#ZahirJaffar,9
#zahirjaffer,#justicefornoor,37
#zahirjaffer,#justiceforQuratulain,3
#zahirjaffer,#GBV,12
#zahirjaffer,#VAW,12
#zahirjaffer,#harrassment,12
#zahirjaffer,#JusticeForNoor,88
#zahirjaffer,#JusticeforNoor,12
#zahirjaffer,#asmatadamkhoor,4
#zahirjaffer,#zakirjaffer,7
#zahirjaffer,#hangzahirjaffer,20
#zahirjaffer,#Nonsense,6
#zahirjaffer,#killer,3
#zahirjaffer,#bestactors,1
#zahirjaffer,#NawazSharif,1
#zahirjaffer,#asifalizardari,1
#zahirjaffer,#Capital_punshiment,2
#zahirjaffer,#Oscar,4
#zahirjaffer,#actor,4
#zahirjaffer,#nations,4
#zahirjaffer,#Justicefornoor,4
#zahirjaffer,#zahirjaffar,4
#zahirjaffer,#YouTube,4
#zahirjaffer,#NirmalaMaghani,8
#zahirjaffer,#pslanthem,4
#zahirjaffer,#NoIndian,4
#zahirjaffer,#dobara,4
#zahirjaffer,#AllamaSaadHussainRizvi,4
#zahirjaffer,#theraphyworks,3
#zahirjaffer,#Pakistan,5
#zahirjaffer,#TherapyWorks,2
#zahirjaffer,#NoorNeedsJustice,3
#zahirjaffer,#NoorMukkadam,3
#zahirjaffer,#Therapyworks,3
#zahirjaffer,#LollipopGovt,1
#zahirjaffer,#BehindYouSkipper,1
#zahirjaffer,#MyPMImranKhan,1
#zahirjaffer,#IstandWithWaqarzaka,1
#zahirjaffer,#LahoreBlast,6
#zahirjaffer,#MurreeTragedy,1
#zahirjaffer,#SialkotIncident,1
#zahirjaffer,#Shiagenocide,1
#zahirjaffer,#hangzahir,3
#zahirjaffer,#JummaMubarak,1
#zahirjaffer,#PSL2022,1
#zahirjaffer,#BalochNationalistArmy,1
#zahirjaffer,#DunyaNews,1
#zahirjaffer,#وارثِ_مسندِ_ولایت,1
#zahirjaffer,#AllamaKhadimHussainRizvi,1
#zahirjaffer,#FridayMotivation,1
#zahirjaffer,#نہ_صاف_چلی_نہ_شفاف_چلی,4
#zahirjaffer,#ملک_کی_بقا_صدارتی_نظام,4
#zahirjaffer,#psl7,1
#zahirjaffer,#54yearsofATI,1
#zahirjaffer,#ICCAwards,1
#zahirjaffer,#blakillinginnocents,1
#zahirjaffer,#AimaBaig,4
#zahirjaffer,#abbotabad,4
#zahirjaffer,#9News,1
#zahirjaffer,#UsmanMirza,14
#zahirjaffer,#hazard,1
#zahirjaffer,#bachakhanweek2022,1
#zahirjaffer,#JIKhi_WomenDharna,1
#zahirjaffer,#PAKvAFG,1
#zahirjaffer,#imrankhanpti,1
#zahirjaffer,#mukaddams,1
#zahirjaffer,#etribune,31
#zahirjaffer,#news,31
#zahirjaffer,#Scumbag,3
#zahirjaffer,#Judicial,1
#zahirjaffer,#justice,1
#zahirjaffer,#BeastUpdate,1
#zahirjaffer,#hangthekillers,1
#zahirjaffer,#murderer,6
#zahirjaffer,#FilthyRichScums,1
#zahirjaffer,#PMTakeNotice4NoorMukadam,5
#zahirjaffer,#JusticForNoor,1
#zahirjaffer,#isbtoday,1
#zahirjaffer,#islamabad,1
#zahirjaffer,#murdercase,1
#zahirjaffer,#AskerAward,1
#zahirjaffer,#noorneedjustice,1
#zahirjaffer,#NoMercy,2
#zahirjaffer,#asmatadamjee,3
#zahirjaffer,#jaffers,1
#zahirjaffer,#media,1
#zahirjaffer,#JusticeForNooorMukadam,1
#zahirjaffer,#Islamabad,1
#zahirjaffer,#psycho,1
#zahirjaffer,#performance,1
#zahirjaffer,#brutal,1
#zahirjaffer,#reflection,1
#zahirjaffer,#compulsion,1
#zahirjaffer,#disability,1
#zahirjaffer,#judiciary,1
#zahirjaffer,#SupremeCourt,1
#zahirjaffer,#imrankhanPTI,1
#zahirjaffer,#justicedelayedisjusticedenied,1
#pakistan,#NoorMukadam,6
#pakistan,#noormukaddam,6
#pakistan,#ZahirJaffar,6
#pakistan,#Scumbag,3
#pakistan,#justicefornoor,6
#pakistan,#hangzahirjaffer,3
#pakistan,#zakirjaffer,3
#pakistan,#asmatadamjee,3
#pakistan,#motorayincident,1
#pakistan,#motorwaycase,2
#pakistan,#womenvoilence,2
#pakistan,#crime,2
#pakistan,#justice,2
#pakistan,#court,2
#pakistan,#breaking,1
#pakistan,#motorwayincident,3
#pakistan,#breakingnews,1
#pakistan,#ImranKhan,1
#pakistan,#نیازی_قبرمیں_سکون_کرو,1
#pakistan,#deathpenalty,1
#NoorMukadam,#noormukaddam,9
#NoorMukadam,#ZahirJaffar,12
#NoorMukadam,#JusticeforNoor,33
#NoorMukadam,#Punjab_Police,1
#NoorMukadam,#GBV,12
#NoorMukadam,#VAW,12
#NoorMukadam,#harrassment,12
#NoorMukadam,#JusticeForNoor,192
#NoorMukadam,#Noor,9
#NoorMukadam,#ZahirJaffer,200
#NoorMukadam,#arynews,19
#NoorMukadam,#HANGZAHIRJAFFER,9
#NoorMukadam,#Ismatadamjee,4
#NoorMukadam,#ShaukatMukadam,6
#NoorMukadam,#TahirZahoor,2
#NoorMukadam,#ZakirJaffer,43
#NoorMukadam,#justicefornoor,3
#NoorMukadam,#Doctors,1
#NoorMukadam,#RawalpindiCentralJail,1
#NoorMukadam,#Adiala,1
#NoorMukadam,#murdercase,1
#NoorMukadam,#killer,3
#NoorMukadam,#FuckZahirJaffer,7
#NoorMukadam,#AAPakistan,3
#NoorMukadam,#Pakistan,3
#NoorMukadam,#NoorNeedsJustice,23
#NoorMukadam,#Zahir,39
#NoorMukadam,#KPDomesticViolenceACT2021,1
#NoorMukadam,#Darinda,1
#NoorMukadam,#rapist,14
#NoorMukadam,#murderer,14
#NoorMukadam,#hangzahirjaffer,14
#NoorMukadam,#YouTube,4
#NoorMukadam,#NirmalaMaghani,4
#NoorMukadam,#pslanthem,4
#NoorMukadam,#NoIndian,4
#NoorMukadam,#dobara,4
#NoorMukadam,#AllamaSaadHussainRizvi,4
#NoorMukadam,#theraphyworks,3
#NoorMukadam,#TherapyWorks,2
#NoorMukadam,#Zahirjaffer,1
#NoorMukadam,#Rawalpindi,2
#NoorMukadam,#Judicial,1
#NoorMukadam,#justice,1
#NoorMukadam,#theCivileyes,1
#NoorMukadam,#FilthyRichScums,1
#NoorMukadam,#StandwithNoor,3
#NoorMukadam,#HangZahirJaffer,1
#NoorMukadam,#AsmatAdamjee,2
#NoorMukadam,#psycho,1
#NoorMukadam,#performance,1
#NoorMukadam,#brutal,1
#NoorMukadam,#reflection,1
#NoorMukadam,#compulsion,1
#NoorMukadam,#disability,1
#NoorMukadam,#judiciary,1
#NoorMukadam,#SupremeCourt,1
#NoorMukadam,#imrankhanPTI,1
#NoorMukadam,#Lahore,1
#NoorMukadam,#Zainab,1
#NoorMukadam,#motorwayincident,1
#NoorMukadam,#minarepakistan,1
#NoorMukadam,#women,1
#noormukaddam,#ZahirJaffar,10
#noormukaddam,#justicefornoor,2
#noormukaddam,#justiceforQuratulain,2
#noormukaddam,#JusticeForNoor,39
#noormukaddam,#Oscar,4
#noormukaddam,#actor,4
#noormukaddam,#nations,4
#noormukaddam,#Justicefornoor,4
#noormukaddam,#zahirjaffar,4
#noormukaddam,#نہ_صاف_چلی_نہ_شفاف_چلی,4
#noormukaddam,#ملک_کی_بقا_صدارتی_نظام,4
#noormukaddam,#JusticForNoor,1
#noormukaddam,#NoMercy,2
#noormukaddam,#JusticeForNooorMukadam,1
#noormukaddam,#Islamabad,1
#ZahirJaffar,#AAPakistan,3
#ZahirJaffar,#Pakistan,3
#ZahirJaffar,#JusticeForNoor,2
#ZahirJaffar,#JusticeForNooorMukadam,1
#ZahirJaffar,#Islamabad,1
#justicefornoor,#justiceforQuratulain,2
#justicefornoor,#asmatadamkhoor,4
#justicefornoor,#zakirjaffer,7
#justicefornoor,#hangzahirjaffer,18
#justicefornoor,#Nonsense,4
#justicefornoor,#FridayVibes,1
#justicefornoor,#FridayMotivation,1
#justicefornoor,#Jummahmubarak,1
#justicefornoor,#JummaMubarak,1
#justicefornoor,#Pakistani,1
#justicefornoor,#PakistanZindabad,1
#justicefornoor,#NCOC,1
#justicefornoor,#NadiaKhan,1
#justicefornoor,#bitcoin,1
#justicefornoor,#LegendsLeagueCricket,1
#justicefornoor,#ملک_کی_بقا_صدارتی_نظام,1
#justicefornoor,#Saitama,1
#justicefornoor,#sharmilafarooqi,1
#justicefornoor,#Nawazsharif,1
#justicefornoor,#Capital_punshiment,2
#justicefornoor,#mukaddams,3
#justicefornoor,#zahirjaffar,3
#justicefornoor,#Scumbag,3
#justicefornoor,#asmatadamjee,3
#justiceforQuratulain,#JusticeForNoor,1
#justiceforQuratulain,#zaherjaffer,1
#justiceforQuratulain,#JusticeforNoor,1
#JusticeForNoor,#zaherjaffer,1
#JusticeForNoor,#OneVoice,2
#JusticeForNoor,#OneNation,2
#JusticeForNoor,#BeTheVoiceForJustice,2
#JusticeForNoor,#TogetherWeCan,2
#JusticeForNoor,#ZahirJaffer,151
#JusticeForNoor,#HANGZAHIRJAFFER,8
#JusticeForNoor,#NoOneIsAboveTheLaw,9
#JusticeForNoor,#NawazSharif,10
#JusticeForNoor,#HangZahirJaffer,4
#JusticeForNoor,#killer,3
#JusticeForNoor,#bestactors,1
#JusticeForNoor,#asifalizardari,1
#JusticeForNoor,#justiceforpakistan,2
#JusticeForNoor,#JusticeForHanifa,1
#JusticeForNoor,#NCOC,1
#JusticeForNoor,#FuckZahirJaffer,7
#JusticeForNoor,#NoorNeedsJustice,23
#JusticeForNoor,#Zahir,39
#JusticeForNoor,#ZakirJaffer,40
#JusticeForNoor,#Darinda,1
#JusticeForNoor,#rapist,7
#JusticeForNoor,#murderer,7
#JusticeForNoor,#hangzahirjaffer,7
#JusticeForNoor,#darinda,1
#JusticeForNoor,#JusticeForNazimJokhio,1
#JusticeForNoor,#HangshahzainJataoi,1
#JusticeForNoor,#Pakistan,3
#JusticeForNoor,#zahirjaffar,1
#JusticeForNoor,#TherapyWorks,2
#JusticeForNoor,#FilthyRichScums,1
#JusticeForNoor,#StandwithNoor,2
#JusticeForNoor,#stopacting,1
#JusticeForNoor,#trending,1
#JusticeForNoor,#death,1
#JusticeForNoor,#AsmatAdamjee,1
#JusticeForNoor,#JusticeForNooorMukadam,1
#JusticeForNoor,#Islamabad,1
#JusticeForNoor,#psycho,1
#JusticeForNoor,#performance,1
#JusticeForNoor,#brutal,1
#JusticeForNoor,#reflection,1
#JusticeForNoor,#compulsion,1
#JusticeForNoor,#disability,1
#JusticeForNoor,#judiciary,1
#JusticeForNoor,#SupremeCourt,1
#JusticeForNoor,#imrankhanPTI,1
#JusticeForNoor,#justicedelayedisjusticedenied,1
#JusticeForNoor,#minarepakistanincident,1
#JusticeForNoor,#motorwayincident,7
#JusticeForNoor,#femicide,1
#JusticeForNoor,#UsmanMirza,5
#JusticeForNoor,#MotorwayIncident,1
#JusticeForNoor,#lahoreincident,1
#JusticeForNoor,#NoorMukaddam,2
#JusticeForNoor,#JusticeforSaima,3
#JusticeForNoor,#justiceforquratulain,4
#JusticeForNoor,#sahiwal,3
#JusticeForNoor,#nayabnadeem,1
#JusticeForNoor,#We_reject_domestic_violence_bill_2021,1
#JusticeForNoor,#qandeelbaloch,1
#mullahs,#fitna,1
#mullahs,#dajjal,1
#fitna,#dajjal,1
#JusticeforNoor,#Noor,4
#JusticeforNoor,#ZahirJaffer,2
#JusticeforNoor,#JusticeForHanifa,1
#JusticeforNoor,#JusticeForHaneefa,1
#JusticeforNoor,#justiceforsteve,1
#JusticeforNoor,#AsmatAdamjee,3
#JusticeforNoor,#JusticeSystemPakistan,3
#JusticeforNoor,#Pakistan,3
#JusticeforNoor,#Justice,3
#JusticeforNoor,#hangzahirjaffer,2
#GBV,#VAW,12
#GBV,#harrassment,12
#VAW,#harrassment,12
#VAW,#Selfdefense,2
#VAW,#HARASSMENTRISK,2
#VAW,#womenempowerment,2
#VAW,#girlpower,2
#VAW,#minarepakistanincident,2
#VAW,#MotorwayIncident,2
#VAW,#CourtingTheLaw,2
#VAW,#Pakistan,2
#VAW,#rape,2
#VAW,#antirape,2
#VAW,#motorwaycase,2
#VAW,#Zainabcase,2
#OneVoice,#OneNation,2
#OneVoice,#BeTheVoiceForJustice,2
#OneVoice,#TogetherWeCan,2
#OneNation,#BeTheVoiceForJustice,2
#OneNation,#TogetherWeCan,2
#BeTheVoiceForJustice,#TogetherWeCan,2
#TogetherWeCan,#motorwayincident,7
#TogetherWeCan,#MotorwayRapeCase,7
#Noor,#ZahirJaffer,5
#ZahirJaffer,#arynews,19
#ZahirJaffer,#HANGZAHIRJAFFER,8
#ZahirJaffer,#Ismatadamjee,3
#ZahirJaffer,#ShaukatMukadam,5
#ZahirJaffer,#TahirZahoor,2
#ZahirJaffer,#ZakirJaffer,42
#ZahirJaffer,#Doctors,1
#ZahirJaffer,#RawalpindiCentralJail,1
#ZahirJaffer,#Adiala,1
#ZahirJaffer,#murdercase,1
#ZahirJaffer,#NoorMuqaddam,3
#ZahirJaffer,#FuckZahirJaffer,7
#ZahirJaffer,#NoorNeedsJustice,20
#ZahirJaffer,#Zahir,39
#ZahirJaffer,#rapist,7
#ZahirJaffer,#murderer,7
#ZahirJaffer,#hangzahirjaffer,7
#ZahirJaffer,#Rawalpindi,2
#ZahirJaffer,#NoorMukadammurder,1
#ZahirJaffer,#Jaildoctors,1
#ZahirJaffer,#law,1
#ZahirJaffer,#sc,1
#ZahirJaffer,#ihc,1
#ZahirJaffer,#sqihla,1
#ZahirJaffer,#IHC,1
#ZahirJaffer,#theCivileyes,1
#ZahirJaffer,#Pakistan,1
#ZahirJaffer,#Shahrukhjatoi,1
#ZahirJaffer,#UsmanMirza,5
#ZahirJaffer,#Zardari,1
#ZahirJaffer,#NawazSharif,1
#ZahirJaffer,#AimanKhan,1
#ZahirJaffer,#NoorBukhari,1
#ZahirJaffer,#NoorMukaddam,1
#ZahirJaffer,#StandwithNoor,2
#ZahirJaffer,#HangZahirJaffer,2
#ZahirJaffer,#JusticeForNoorMukadam,1
#ZahirJaffer,#stopacting,1
#ZahirJaffer,#trending,1
#ZahirJaffer,#death,1
#ZahirJaffer,#ImranKhan,1
#ZahirJaffer,#AsmatAdamjee,1
#HANGZAHIRJAFFER,#StandwithNoor,2
#HANGZAHIRJAFFER,#NoorNeedsJustice,1
#HANGZAHIRJAFFER,#AsmatAdamjee,1
#HANGZAHIRJAFFER,#ZakirJaffer,1
#Ismatadamjee,#ShaukatMukadam,3
#Ismatadamjee,#TahirZahoor,2
#Ismatadamjee,#ZakirJaffer,2
#ShaukatMukadam,#TahirZahoor,2
#ShaukatMukadam,#ZakirJaffer,2
#TahirZahoor,#ZakirJaffer,2
#ZakirJaffer,#Zahir,39
#ZakirJaffer,#StandwithNoor,1
#ZakirJaffer,#AsmatAdamjee,1
#NoOneIsAboveTheLaw,#NawazSharif,9
#NawazSharif,#bestactors,1
#NawazSharif,#asifalizardari,1
#NawazSharif,#Zardari,1
#asmatadamkhoor,#zakirjaffer,4
#asmatadamkhoor,#hangzahirjaffer,4
#zakirjaffer,#hangzahirjaffer,7
#zakirjaffer,#asmatadamjee,3
#hangzahirjaffer,#Nonsense,1
#hangzahirjaffer,#mukaddams,1
#hangzahirjaffer,#rapist,7
#hangzahirjaffer,#murderer,7
#hangzahirjaffer,#asmatadamjee,3
#Nonsense,#Capital_punshiment,2
#Nonsense,#mukaddams,1
#JusticeForHanifa,#JusticeForHaneefa,1
#JusticeForHanifa,#justiceforsteve,1
#JusticeForHanifa,#NCOC,1
#JusticeForHaneefa,#justiceforsteve,1
#Doctors,#RawalpindiCentralJail,1
#Doctors,#Adiala,1
#Doctors,#murdercase,1
#RawalpindiCentralJail,#Adiala,1
#RawalpindiCentralJail,#murdercase,1
#Adiala,#murdercase,1
#murdercase,#isbtoday,1
#murdercase,#islamabad,1
#FridayVibes,#FridayMotivation,1
#FridayVibes,#Jummahmubarak,1
#FridayVibes,#JummaMubarak,1
#FridayVibes,#Pakistani,1
#FridayVibes,#PakistanZindabad,1
#FridayVibes,#NCOC,1
#FridayVibes,#NadiaKhan,1
#FridayVibes,#bitcoin,1
#FridayVibes,#LegendsLeagueCricket,1
#FridayVibes,#ملک_کی_بقا_صدارتی_نظام,1
#FridayVibes,#Saitama,1
#FridayVibes,#sharmilafarooqi,1
#FridayVibes,#Nawazsharif,1
#FridayMotivation,#Jummahmubarak,1
#FridayMotivation,#JummaMubarak,2
#FridayMotivation,#Pakistani,1
#FridayMotivation,#PakistanZindabad,1
#FridayMotivation,#NCOC,1
#FridayMotivation,#NadiaKhan,1
#FridayMotivation,#bitcoin,1
#FridayMotivation,#LegendsLeagueCricket,1
#FridayMotivation,#ملک_کی_بقا_صدارتی_نظام,1
#FridayMotivation,#Saitama,1
#FridayMotivation,#sharmilafarooqi,1
#FridayMotivation,#Nawazsharif,1
#FridayMotivation,#PSL2022,1
#FridayMotivation,#BalochNationalistArmy,1
#FridayMotivation,#DunyaNews,1
#FridayMotivation,#وارثِ_مسندِ_ولایت,1
#FridayMotivation,#AllamaKhadimHussainRizvi,1
#Jummahmubarak,#JummaMubarak,1
#Jummahmubarak,#Pakistani,1
#Jummahmubarak,#PakistanZindabad,1
#Jummahmubarak,#NCOC,1
#Jummahmubarak,#NadiaKhan,1
#Jummahmubarak,#bitcoin,1
#Jummahmubarak,#LegendsLeagueCricket,1
#Jummahmubarak,#ملک_کی_بقا_صدارتی_نظام,1
#Jummahmubarak,#Saitama,1
#Jummahmubarak,#sharmilafarooqi,1
#Jummahmubarak,#Nawazsharif,1
#JummaMubarak,#Pakistani,1
#JummaMubarak,#PakistanZindabad,1
#JummaMubarak,#NCOC,1
#JummaMubarak,#NadiaKhan,1
#JummaMubarak,#bitcoin,1
#JummaMubarak,#LegendsLeagueCricket,1
#JummaMubarak,#ملک_کی_بقا_صدارتی_نظام,1
#JummaMubarak,#Saitama,1
#JummaMubarak,#sharmilafarooqi,1
#JummaMubarak,#Nawazsharif,1
#JummaMubarak,#PSL2022,1
#JummaMubarak,#BalochNationalistArmy,1
#JummaMubarak,#DunyaNews,1
#JummaMubarak,#وارثِ_مسندِ_ولایت,1
#JummaMubarak,#AllamaKhadimHussainRizvi,1
#JummaMubarak,#motorwayincident,1
#JummaMubarak,#UAEWhereIsRashidHussain,1
#JummaMubarak,#FridaysWithArmaan,1
#JummaMubarak,#BachaKhanIconOfNonViolence,1
#JummaMubarak,#bachakhaniconofpeace,1
#JummaMubarak,#POCOX3,1
#JummaMubarak,#BALvKP,1
#JummaMubarak,#ShahAbdulLatifBhittai,1
#JummaMubarak,#PinkRibbon,1
#JummaMubarak,#WalkTowardsHussain,1
#JummaMubarak,#TrueSpiritOfIslam,1
#Pakistani,#PakistanZindabad,1
#Pakistani,#NCOC,1
#Pakistani,#NadiaKhan,1
#Pakistani,#bitcoin,1
#Pakistani,#LegendsLeagueCricket,1
#Pakistani,#ملک_کی_بقا_صدارتی_نظام,1
#Pakistani,#Saitama,1
#Pakistani,#sharmilafarooqi,1
#Pakistani,#Nawazsharif,1
#PakistanZindabad,#NCOC,1
#PakistanZindabad,#NadiaKhan,1
#PakistanZindabad,#bitcoin,1
#PakistanZindabad,#LegendsLeagueCricket,1
#PakistanZindabad,#ملک_کی_بقا_صدارتی_نظام,1
#PakistanZindabad,#Saitama,1
#PakistanZindabad,#sharmilafarooqi,1
#PakistanZindabad,#Nawazsharif,1
#PakistanZindabad,#motorwayincident,1
#PakistanZindabad,#ShehnaazGill,1
#PakistanZindabad,#GetWellSoonSkipper,1
#PakistanZindabad,#GalaxyA52,1
#PakistanZindabad,#BuryingKashmirIsRejected,1
#PakistanZindabad,#motorwaycase,1
#PakistanZindabad,#Pakistan,1
#PakistanZindabad,#zohaibkhan,1
#PakistanZindabad,#zkwrites,1
#PakistanZindabad,#Court,1
#PakistanZindabad,#Justice,1
#NCOC,#NadiaKhan,1
#NCOC,#bitcoin,1
#NCOC,#LegendsLeagueCricket,1
#NCOC,#ملک_کی_بقا_صدارتی_نظام,1
#NCOC,#Saitama,1
#NCOC,#sharmilafarooqi,1
#NCOC,#Nawazsharif,1
#NadiaKhan,#bitcoin,1
#NadiaKhan,#LegendsLeagueCricket,1
#NadiaKhan,#ملک_کی_بقا_صدارتی_نظام,1
#NadiaKhan,#Saitama,1
#NadiaKhan,#sharmilafarooqi,1
#NadiaKhan,#Nawazsharif,1
#bitcoin,#LegendsLeagueCricket,1
#bitcoin,#ملک_کی_بقا_صدارتی_نظام,1
#bitcoin,#Saitama,1
#bitcoin,#sharmilafarooqi,1
#bitcoin,#Nawazsharif,1
#LegendsLeagueCricket,#ملک_کی_بقا_صدارتی_نظام,1
#LegendsLeagueCricket,#Saitama,1
#LegendsLeagueCricket,#sharmilafarooqi,1
#LegendsLeagueCricket,#Nawazsharif,1
#ملک_کی_بقا_صدارتی_نظام,#Saitama,1
#ملک_کی_بقا_صدارتی_نظام,#sharmilafarooqi,1
#ملک_کی_بقا_صدارتی_نظام,#Nawazsharif,1
#ملک_کی_بقا_صدارتی_نظام,#نہ_صاف_چلی_نہ_شفاف_چلی,4
#Saitama,#sharmilafarooqi,1
#Saitama,#Nawazsharif,1
#sharmilafarooqi,#Nawazsharif,1
#killer,#psycho,1
#killer,#performance,1
#killer,#brutal,1
#killer,#reflection,1
#killer,#compulsion,1
#killer,#disability,1
#killer,#judiciary,1
#killer,#SupremeCourt,1
#killer,#imrankhanPTI,1
#bestactors,#asifalizardari,1
#AAPakistan,#Pakistan,3
#AAPakistan,#motorwayincident,1
#Pakistan,#AsmatAdamjee,3
#Pakistan,#JusticeSystemPakistan,3
#Pakistan,#Justice,5
#Pakistan,#Shahrukhjatoi,1
#Pakistan,#UsmanMirza,1
#Pakistan,#400men,1
#Pakistan,#motorwayincident,26
#Pakistan,#IslamabadCase,13
#Pakistan,#MotorwayCase,13
#Pakistan,#NoorMuqadamCase,13
#Pakistan,#MinareEPakistanCase,13
#Pakistan,#HyderabadCase,13
#Pakistan,#motorwayrape,1
#Pakistan,#Punjab,1
#Pakistan,#rape,3
#Pakistan,#hangtherapist,1
#Pakistan,#JusticeForWomen,1
#Pakistan,#CourtingTheLaw,2
#Pakistan,#antirape,2
#Pakistan,#motorwaycase,4
#Pakistan,#Zainabcase,2
#Pakistan,#SackShireenMazari,1
#Pakistan,#يوم_الجمعة,1
#Pakistan,#جمعة_مباركة,1
#Pakistan,#Lahore,3
#Pakistan,#DTD,1
#Pakistan,#ATC,1
#Pakistan,#Balochistan,1
#Pakistan,#JusticeForZainab,1
#Pakistan,#HangRapistsPublically,1
#Pakistan,#Mansehra,1
#Pakistan,#BeautifulBeautiful,1
#Pakistan,#BeautifulPakistan,1
#Pakistan,#motorway,1
#Pakistan,#Kashmir,1
#Pakistan,#kashmirHighWay,1
#Pakistan,#MotorwayIncident,3
#Pakistan,#ShehnaazGill,1
#Pakistan,#GetWellSoonSkipper,1
#Pakistan,#GalaxyA52,1
#Pakistan,#BuryingKashmirIsRejected,1
#Pakistan,#zohaibkhan,1
#Pakistan,#zkwrites,1
#Pakistan,#Court,2
#Pakistan,#Newsonepk,2
#Pakistan,#MazratKaySaath,2
#Pakistan,#PTIGovernment,2
#Pakistan,#ImranKhan,2
#Pakistan,#JUIF,2
#Pakistan,#PPP,2
#Pakistan,#PTI,2
#Pakistan,#PMLN,2
#Pakistan,#PDM,2
#Pakistan,#MaryamNawaz,2
#Pakistan,#BilawalBhutto,2
#Pakistan,#FazalurRehman,2
#Pakistan,#Motorwayincident,1
#Pakistan,#AbidMalhi,2
#Pakistan,#ShafqatAli,1
#Pakistan,#INCPAK,1
#Pakistan,#rapper,1
#Pakistan,#abused,1
#Pakistan,#Violence,1
#Pakistan,#Police,1
#Pakistan,#DeathSentence,1
#NoorNeedsJustice,#TherapyWorks,2
#NoorNeedsJustice,#StandwithNoor,1
#Oscar,#actor,4
#Oscar,#nations,4
#Oscar,#Justicefornoor,4
#Oscar,#zahirjaffar,4
#actor,#nations,4
#actor,#Justicefornoor,4
#actor,#zahirjaffar,4
#nations,#Justicefornoor,4
#nations,#zahirjaffar,4
#Justicefornoor,#zahirjaffar,4
#etribune,#Zahirjaffer,3
#etribune,#Noormukadam,3
#etribune,#news,31
#Zahirjaffer,#Noormukadam,3
#rapist,#murderer,7
#YouTube,#NirmalaMaghani,4
#YouTube,#pslanthem,4
#YouTube,#NoIndian,4
#YouTube,#dobara,4
#YouTube,#AllamaSaadHussainRizvi,4
#YouTube,#lockdown2021,1
#YouTube,#motorwayincident,1
#YouTube,#visiongraphic,1
#YouTube,#BuryingKashmirIsRejected,1
#YouTube,#Restoresaaraaab,1
#YouTube,#kaptaan,1
#YouTube,#Quran,1
#YouTube,#WhatsApp,1
#YouTube,#UCLdraw,1
#YouTube,#ATEEZ,1
#YouTube,#Dubai,1
#YouTube,#GIDLE,1
#NirmalaMaghani,#pslanthem,4
#NirmalaMaghani,#NoIndian,4
#NirmalaMaghani,#dobara,4
#NirmalaMaghani,#AllamaSaadHussainRizvi,4
#NirmalaMaghani,#LahoreBlast,4
#NirmalaMaghani,#AimaBaig,4
#NirmalaMaghani,#abbotabad,4
#pslanthem,#NoIndian,4
#pslanthem,#dobara,4
#pslanthem,#AllamaSaadHussainRizvi,4
#NoIndian,#dobara,4
#NoIndian,#AllamaSaadHussainRizvi,4
#dobara,#AllamaSaadHussainRizvi,4
#AsmatAdamjee,#JusticeSystemPakistan,3
#AsmatAdamjee,#Justice,3
#AsmatAdamjee,#StandwithNoor,1
#JusticeSystemPakistan,#Justice,3
#Justice,#motorwayincident,2
#Justice,#ShehnaazGill,1
#Justice,#GetWellSoonSkipper,1
#Justice,#GalaxyA52,1
#Justice,#BuryingKashmirIsRejected,1
#Justice,#motorwaycase,1
#Justice,#zohaibkhan,1
#Justice,#zkwrites,1
#Justice,#Court,1
#JusticeForNazimJokhio,#HangshahzainJataoi,1
#NoorMukkadam,#Therapyworks,3
#LollipopGovt,#BehindYouSkipper,1
#LollipopGovt,#MyPMImranKhan,1
#LollipopGovt,#IstandWithWaqarzaka,1
#BehindYouSkipper,#MyPMImranKhan,1
#BehindYouSkipper,#IstandWithWaqarzaka,1
#MyPMImranKhan,#IstandWithWaqarzaka,1
#LahoreBlast,#MurreeTragedy,1
#LahoreBlast,#SialkotIncident,1
#LahoreBlast,#Shiagenocide,1
#LahoreBlast,#AimaBaig,4
#LahoreBlast,#abbotabad,4
#LahoreBlast,#hazard,1
#LahoreBlast,#bachakhanweek2022,1
#LahoreBlast,#JIKhi_WomenDharna,1
#LahoreBlast,#PAKvAFG,1
#LahoreBlast,#imrankhanpti,1
#MurreeTragedy,#SialkotIncident,1
#MurreeTragedy,#Shiagenocide,1
#SialkotIncident,#Shiagenocide,1
#PSL2022,#BalochNationalistArmy,1
#PSL2022,#DunyaNews,1
#PSL2022,#وارثِ_مسندِ_ولایت,1
#PSL2022,#AllamaKhadimHussainRizvi,1
#BalochNationalistArmy,#DunyaNews,1
#BalochNationalistArmy,#وارثِ_مسندِ_ولایت,1
#BalochNationalistArmy,#AllamaKhadimHussainRizvi,1
#DunyaNews,#وارثِ_مسندِ_ولایت,1
#DunyaNews,#AllamaKhadimHussainRizvi,1
#DunyaNews,#Rape,1
#DunyaNews,#MukhtaranMai,1
#DunyaNews,#ThankYouPrimeMinister,1
#DunyaNews,#Woman,2
#DunyaNews,#Women,1
#DunyaNews,#MeToo,1
#DunyaNews,#CCPOLahore,1
#DunyaNews,#MotorWayIncident,1
#DunyaNews,#RemoveCCPOLahore,1
#وارثِ_مسندِ_ولایت,#AllamaKhadimHussainRizvi,1
#psl7,#54yearsofATI,1
#psl7,#ICCAwards,1
#psl7,#blakillinginnocents,1
#54yearsofATI,#ICCAwards,1
#54yearsofATI,#blakillinginnocents,1
#ICCAwards,#blakillinginnocents,1
#AimaBaig,#abbotabad,4
#UsmanMirza,#Shahrukhjatoi,1
#UsmanMirza,#PakistanMurdabad,1
#UsmanMirza,#400men,1
#UsmanMirza,#minarepakistan,1
#UsmanMirza,#minarepakistanincident,1
#UsmanMirza,#motorwayincident,7
#UsmanMirza,#MotorwayIncident,1
#UsmanMirza,#lahoreincident,1
#UsmanMirza,#JusticeForZainab,2
#UsmanMirza,#justiceforquratulain,4
#UsmanMirza,#sahiwal,3
#UsmanMirza,#JusticeforSaima,1
#UsmanMirza,#nayabnadeem,1
#UsmanMirza,#We_reject_domestic_violence_bill_2021,1
#UsmanMirza,#qandeelbaloch,1
#hazard,#bachakhanweek2022,1
#hazard,#JIKhi_WomenDharna,1
#hazard,#PAKvAFG,1
#hazard,#imrankhanpti,1
#bachakhanweek2022,#JIKhi_WomenDharna,1
#bachakhanweek2022,#PAKvAFG,1
#bachakhanweek2022,#imrankhanpti,1
#JIKhi_WomenDharna,#PAKvAFG,1
#JIKhi_WomenDharna,#imrankhanpti,1
#PAKvAFG,#imrankhanpti,1
#NoorMukadammurder,#Jaildoctors,1
#NoorMukadammurder,#law,1
#NoorMukadammurder,#sc,1
#NoorMukadammurder,#ihc,1
#NoorMukadammurder,#sqihla,1
#Jaildoctors,#law,1
#Jaildoctors,#sc,1
#Jaildoctors,#ihc,1
#Jaildoctors,#sqihla,1
#law,#sc,1
#law,#ihc,1
#law,#sqihla,1
#sc,#ihc,1
#sc,#sqihla,1
#ihc,#sqihla,1
#Judicial,#justice,1
#justice,#motorayincident,1
#justice,#motorwaycase,2
#justice,#womenvoilence,2
#justice,#crime,2
#justice,#court,2
#justice,#breaking,1
#justice,#motorwayincident,1
#justice,#breakingnews,1
#BeastUpdate,#hangthekillers,1
#AimanKhan,#NoorBukhari,1
#AimanKhan,#NoorMukaddam,1
#NoorBukhari,#NoorMukaddam,1
#NoorMukaddam,#motorwayincident,2
#NoorMukaddam,#JusticeforSaima,2
#isbtoday,#islamabad,1
#AskerAward,#noorneedjustice,1
#jaffers,#media,1
#trending,#death,1
#ImranKhan,#motorwayincident,165
#ImranKhan,#hamidmir,1
#ImranKhan,#CCPO,132
#ImranKhan,#lockdown2021,24
#ImranKhan,#19MarchLahoreDharna,6
#ImranKhan,#نوروز,3
#ImranKhan,#Coronaviruspakistan,2
#ImranKhan,#انصاف_کرو_سیاست_نہیں,2
#ImranKhan,#releasekhurramali,2
#ImranKhan,#Technologist_Protest_24March,4
#ImranKhan,#Nowruz,2
#ImranKhan,#pakistanmovingforward,2
#ImranKhan,#EnforceTrafficLawsRigorously,1
#ImranKhan,#جیو_ہزاروں_سال_کپتان,9
#ImranKhan,#Corona,1
#ImranKhan,#Kaptaan,1
#ImranKhan,#Vaccination,1
#ImranKhan,#BreakingNews,7
#ImranKhan,#19thMarchLahoreDharna,1
#ImranKhan,#Sinopharm,1
#ImranKhan,#PakistanMovingForward,1
#ImranKhan,#10bmnews,4
#ImranKhan,#latestnews,4
#ImranKhan,#نیازی_قبرمیں_سکون_کرو,12
#ImranKhan,#GetWellSoonSkipper,8
#ImranKhan,#GetWellSoonPMIK,7
#ImranKhan,#IndusAapSeHai,4
#ImranKhan,#NizamBadloBikeRally23rdMarch,4
#ImranKhan,#Newsonepk,2
#ImranKhan,#MazratKaySaath,2
#ImranKhan,#PTIGovernment,2
#ImranKhan,#JUIF,2
#ImranKhan,#PPP,2
#ImranKhan,#PTI,2
#ImranKhan,#PMLN,2
#ImranKhan,#PDM,2
#ImranKhan,#MaryamNawaz,2
#ImranKhan,#BilawalBhutto,2
#ImranKhan,#FazalurRehman,2
#ImranKhan,#COVID19,2
#ImranKhan,#lockdown,2
#ImranKhan,#LUMS,5
#ImranKhan,#BREAKING,5
#ImranKhan,#INDvENG,3
#ImranKhan,#BTSV,2
#ImranKhan,#JUSTICE,2
#ImranKhan,#CoupleGoals,2
#ImranKhan,#HanKer,2
#ImranKhan,#JusticeLeague,2
#ImranKhan,#ADA,2
#ImranKhan,#FarmersProtest,2
#ImranKhan,#JUNGKOOK,2
#ImranKhan,#سلام_یاامیرالمجاہدین,2
#ImranKhan,#AnilDeshmukh,1
#ImranKhan,#Restoresaaraaab,1
#ImranKhan,#ImranKhanMyPM,3
#ImranKhan,#imrankhancovidpositive,3
#ImranKhan,#PrimeMinisterImrankhan,3
#ImranKhan,#PMIK,3
#ImranKhan,#GetWellSoonImranKhan,3
#ImranKhan,#londonprotest,3
#ImranKhan,#INDvsENG,3
#JusticeForNooorMukadam,#Islamabad,1
#Islamabad,#Motorwaycase,1
#Islamabad,#usmanmirza,1
#Islamabad,#minarepakistan,1
#psycho,#performance,1
#psycho,#brutal,1
#psycho,#reflection,1
#psycho,#compulsion,1
#psycho,#disability,1
#psycho,#judiciary,1
#psycho,#SupremeCourt,1
#psycho,#imrankhanPTI,1
#performance,#brutal,1
#performance,#reflection,1
#performance,#compulsion,1
#performance,#disability,1
#performance,#judiciary,1
#performance,#SupremeCourt,1
#performance,#imrankhanPTI,1
#brutal,#reflection,1
#brutal,#compulsion,1
#brutal,#disability,1
#brutal,#judiciary,1
#brutal,#SupremeCourt,1
#brutal,#imrankhanPTI,1
#reflection,#compulsion,1
#reflection,#disability,1
#reflection,#judiciary,1
#reflection,#SupremeCourt,1
#reflection,#imrankhanPTI,1
#compulsion,#disability,1
#compulsion,#judiciary,1
#compulsion,#SupremeCourt,1
#compulsion,#imrankhanPTI,1
#disability,#judiciary,1
#disability,#SupremeCourt,1
#disability,#imrankhanPTI,1
#judiciary,#SupremeCourt,1
#judiciary,#imrankhanPTI,1
#SupremeCourt,#imrankhanPTI,1
#imrankhanPTI,#lahoreincident,4
#imrankhanPTI,#motorwaycase,4
#imrankhanPTI,#400men,4
#imrankhanPTI,#ayesha,4
#imrankhanPTI,#insaaf,4
#imrankhanPTI,#lockdown2021,1
#imrankhanPTI,#motorwayincident,1
#imrankhanPTI,#PMImranKhan,1
#mariamforever,#justiceformariam,4
#whereismariam,#JusticeForMariam,2
#whereismariam,#مريم_وين,2
#whereismariam,#العدالة_لمريم,2
#JusticeForMariam,#مريم_وين,2
#JusticeForMariam,#العدالة_لمريم,3
#JusticeForMariam,#NewProfilePic,1
#JusticeForMariam,#حق_مريم_لن_يضيع,1
#JusticeForMariam,#MariamDeservesBetter,1
#JusticeForMariam,#JusticeForNikita,1
#JusticeForMariam,#germany,1
#JusticeForMariam,#boycottfranceproducts,1
#JusticeForMariam,#boycottfrance,1
#مريم_وين,#العدالة_لمريم,2
#العدالة_لمريم,#germany,1
#NewProfilePic,#حق_مريم_لن_يضيع,1
#rape,#pedophelia,1
#rape,#justiceforMariam,1
#rape,#ayeshaakram,1
#rape,#motorwayincident,6
#rape,#cybercrime,1
#rape,#WomensRights,1
#rape,#auratmarch,1
#rape,#feminism,1
#rape,#metoo,1
#rape,#hangtherapist,1
#rape,#JusticeForWomen,1
#rape,#CourtingTheLaw,2
#rape,#antirape,2
#rape,#motorwaycase,2
#rape,#Zainabcase,2
#rape,#MotorwayRape,1
#rape,#lahore,1
#rape,#sialkot,1
#rape,#ARYNewsUrdu,1
#pedophelia,#justiceforMariam,1
#boycottfranceproducts,#boycottfrance,1
#motorwayincident,#RapistStonnedToDeath,15
#motorwayincident,#minarepakistanincident,6
#motorwayincident,#rickshawincident,1
#motorwayincident,#11thhour,1
#motorwayincident,#minarepakistan,15
#motorwayincident,#justiceforquratulain,16
#motorwayincident,#khadijasiddiqi,12
#motorwayincident,#acidattacks,12
#motorwayincident,#naseembibi,14
#motorwayincident,#DomesticViolenceBill,12
#motorwayincident,#thousandsolededsuns,1
#motorwayincident,#OkaraIncident,1
#motorwayincident,#400men,4
#motorwayincident,#NoorMuqadam,1
#motorwayincident,#quratulain,1
#motorwayincident,#zainab,2
#motorwayincident,#hangtherapist,2
#motorwayincident,#WeNeedJustice,1
#motorwayincident,#zainabansari,1
#motorwayincident,#goatlivesmatter,1
#motorwayincident,#mukhtarmai,1
#motorwayincident,#acidattack,1
#motorwayincident,#ayeshaakram,3
#motorwayincident,#cybercrime,1
#motorwayincident,#WomensRights,1
#motorwayincident,#auratmarch,1
#motorwayincident,#feminism,1
#motorwayincident,#metoo,1
#motorwayincident,#lahoreincident,3
#motorwayincident,#noormukaddamincident,1
#motorwayincident,#PakistanMurdabad,1
#motorwayincident,#StopAbbusingVulnerables,1
#motorwayincident,#MinarePakistanIncident,1
#motorwayincident,#Lahore,6
#motorwayincident,#Zainab,1
#motorwayincident,#women,1
#motorwayincident,#femicide,1
#motorwayincident,#MinarePakistan,1
#motorwayincident,#yesallmen,1
#motorwayincident,#HangRapists,6
#motorwayincident,#hangrapistspublicly,7
#motorwayincident,#PublicHangingOfRapists,10
#motorwayincident,#جنسی_درندےکوسرعام_پھانسی_دو,1
#motorwayincident,#justiceforzainab,2
#motorwayincident,#JusticeForAyesha,1
#motorwayincident,#justicefoefatima,1
#motorwayincident,#RapistPMLN,2
#motorwayincident,#motorwayrape,2
#motorwayincident,#Punjab,4
#motorwayincident,#HerAllies,3
#motorwayincident,#consent,3
#motorwayincident,#manels,3
#motorwayincident,#Motorway,6
#motorwayincident,#WarAgainstrape,1
#motorwayincident,#Todaytheyrapedwomen,1
#motorwayincident,#HangRapist,1
#motorwayincident,#hangtilldeath,1
#motorwayincident,#WarAgainstRape,1
#motorwayincident,#ccpo,1
#motorwayincident,#rapeculture,1
#motorwayincident,#JusticeForWomen,1
#motorwayincident,#JusticeForZainab,7
#motorwayincident,#usmanmirzascandal,1
#motorwayincident,#JusticeforSaima,3
#motorwayincident,#sahiwal,3
#motorwayincident,#nayabnadeem,1
#motorwayincident,#We_reject_domestic_violence_bill_2021,1
#motorwayincident,#qandeelbaloch,1
#motorwayincident,#CCPOLahore,2
#motorwayincident,#RemoveCCPOLahore,4
#motorwayincident,#HangRapistsPublically,9
#motorwayincident,#MeraQusoorKiaHai,4
#motorwayincident,#Sexualassault,4
#motorwayincident,#GulPanra,4
#motorwayincident,#Rape,4
#motorwayincident,#Marwah,4
#motorwayincident,#Shaheenbaloch,4
#motorwayincident,#sexualabuse,4
#motorwayincident,#womenpower,4
#motorwayincident,#UAEWhereIsRashidHussain,1
#motorwayincident,#FridaysWithArmaan,1
#motorwayincident,#BachaKhanIconOfNonViolence,1
#motorwayincident,#bachakhaniconofpeace,1
#motorwayincident,#POCOX3,1
#motorwayincident,#BALvKP,1
#motorwayincident,#ShahAbdulLatifBhittai,1
#motorwayincident,#PinkRibbon,1
#motorwayincident,#WalkTowardsHussain,1
#motorwayincident,#TrueSpiritOfIslam,1
#motorwayincident,#SayNoToBahriaTown,8
#motorwayincident,#Haryana,3
#motorwayincident,#Farmers,3
#motorwayincident,#RespectForOverseas,3
#motorwayincident,#CPvSIN,3
#motorwayincident,#EnoughIsEnough,2
#motorwayincident,#stopblamingvictims,2
#motorwayincident,#FixitPakistan,1
#motorwayincident,#motorway,6
#motorwayincident,#M2,1
#motorwayincident,#dakaiti,1
#motorwayincident,#robbery,1
#motorwayincident,#UsmanBuzdar,1
#motorwayincident,#GovtofPakistan,1
#motorwayincident,#PunjabPolice,2
#motorwayincident,#pindibhattian,1
#motorwayincident,#motorwaypolice,1
#motorwayincident,#PunjabPoliceOfficialPakistan,1
#motorwayincident,#SackShireenMazari,1
#motorwayincident,#يوم_الجمعة,1
#motorwayincident,#جمعة_مباركة,1
#motorwayincident,#MeraJismMeriMarzi,1
#motorwayincident,#PeshawarMotorway,1
#motorwayincident,#AdeelShah,1
#motorwayincident,#JusticeForAdeel,1
#motorwayincident,#News360,2
#motorwayincident,#DonaldTrump,1
#motorwayincident,#fridaymorning,1
#motorwayincident,#غدار_اور_نمک_حرام_نوازشریف,1
#motorwayincident,#UmerShaikh,1
#motorwayincident,#ThoughtForTheDay,2
#motorwayincident,#AutomotiveIndustry,2
#motorwayincident,#roadTrip,2
#motorwayincident,#cars,2
#motorwayincident,#potholetracker,2
#motorwayincident,#RoadSafety,2
#motorwayincident,#CircleMaze,2
#motorwayincident,#hamidmir,1
#motorwayincident,#rapecase,1
#motorwayincident,#CCPO,132
#motorwayincident,#BlameTheRapistOnly,1
#motorwayincident,#AbidAli,1
#motorwayincident,#پنجاب_پولیس_کو_لگام_دو,1
#motorwayincident,#ModelTownMassacre,26
#motorwayincident,#UPDATE,2
#motorwayincident,#Xbox,2
#motorwayincident,#SeriesX,2
#motorwayincident,#RESTOCK,2
#motorwayincident,#ShehnaazGill,8
#motorwayincident,#gamestophearing,2
#motorwayincident,#targets,2
#motorwayincident,#Walmart,2
#motorwayincident,#lockdown2021,44
#motorwayincident,#Evil,2
#motorwayincident,#gamedev,2
#motorwayincident,#USA,2
#motorwayincident,#motorbike,1
#motorwayincident,#motorcycle,2
#motorwayincident,#Motorsport,2
#motorwayincident,#کہاں_ہے_ریپسٹ_قانون,12
#motorwayincident,#socialdilemma,1
#motorwayincident,#SocialMediaRulesNeeded,1
#motorwayincident,#socialmediamarketing,1
#motorwayincident,#PeterKennethTruths,1
#motorwayincident,#COVID19,3
#motorwayincident,#AmongUs,1
#motorwayincident,#justiceforjawad,18
#motorwayincident,#India,2
#motorwayincident,#JusticeForHareem,28
#motorwayincident,#MotoGP,1
#motorwayincident,#Motorola,1
#motorwayincident,#MotorcycleLife,1
#motorwayincident,#LIVE,1
#motorwayincident,#دباب,1
#motorwayincident,#دراجتي_الرياض,1
#motorwayincident,#دراجات,1
#motorwayincident,#BIKER,1
#motorwayincident,#Romford,2
#motorwayincident,#A12,2
#motorwayincident,#emergencyservices,2
#motorwayincident,#london,2
#motorwayincident,#essex,2
#motorwayincident,#zalimkosazado,4
#motorwayincident,#طلبہ_کو_پڑھنے_دو,4
#motorwayincident,#DTD,1
#motorwayincident,#ATC,1
#motorwayincident,#motorwaycase,14
#motorwayincident,#19MarchLahoreDharna,6
#motorwayincident,#نوروز,3
#motorwayincident,#Coronaviruspakistan,2
#motorwayincident,#انصاف_کرو_سیاست_نہیں,2
#motorwayincident,#releasekhurramali,2
#motorwayincident,#Technologist_Protest_24March,5
#motorwayincident,#Nowruz,3
#motorwayincident,#pakistanmovingforward,2
#motorwayincident,#Balochistan,1
#motorwayincident,#Viral,1
#motorwayincident,#viralvideo,1
#motorwayincident,#petrolPrice,1
#motorwayincident,#DieselPrice,1
#motorwayincident,#traffic,1
#motorwayincident,#Mansehra,1
#motorwayincident,#BeautifulBeautiful,1
#motorwayincident,#BeautifulPakistan,1
#motorwayincident,#Kashmir,1
#motorwayincident,#kashmirHighWay,1
#motorwayincident,#supremecourtofindia,1
#motorwayincident,#claims,1
#motorwayincident,#motoraccident,1
#motorwayincident,#roadsafety,1
#motorwayincident,#insurance,1
#motorwayincident,#Law,1
#motorwayincident,#NewsUpdate,1
#motorwayincident,#RoadSafetyWorldSeries2021,1
#motorwayincident,#MotorwayRape,1
#motorwayincident,#lahore,2
#motorwayincident,#sialkot,1
#motorwayincident,#ushnashah,1
#motorwayincident,#Jail,1
#motorwayincident,#maybach,1
#motorwayincident,#MercedesMaybach,1
#motorwayincident,#MercedesAMG,1
#motorwayincident,#brabus,1
#motorwayincident,#G700,1
#motorwayincident,#abdelivers,1
#motorwayincident,#abdelivered,1
#motorwayincident,#Mercedes,1
#motorwayincident,#M40,1
#motorwayincident,#JusticeForMarwah,1
#motorwayincident,#Sunday,4
#motorwayincident,#March,4
#motorwayincident,#ATCJudgment,4
#motorwayincident,#LahorePolice,4
#motorwayincident,#PDMFuture,4
#motorwayincident,#NAB,4
#motorwayincident,#ElectionComissionOfPakistan,4
#motorwayincident,#SenateElection,4
#motorwayincident,#AafiaLifeIsInDanger,5
#motorwayincident,#MothersDay,5
#motorwayincident,#LUMS,11
#motorwayincident,#GetWellSoonPMIK,12
#motorwayincident,#GetWellSoonImranKhan,8
#motorwayincident,#جیو_ہزاروں_سال_کپتان,20
#motorwayincident,#ARYNewsUrdu,1
#motorwayincident,#EnforceTrafficLawsRigorously,1
#motorwayincident,#BreakingNews,10
#motorwayincident,#abidmalhi,1
#motorwayincident,#shafqatbagga,1
#motorwayincident,#AlanpurNews,1
#motorwayincident,#Corona,1
#motorwayincident,#Kaptaan,1
#motorwayincident,#Vaccination,1
#motorwayincident,#19thMarchLahoreDharna,1
#motorwayincident,#Sinopharm,1
#motorwayincident,#PakistanMovingForward,1
#motorwayincident,#GetWellSoonSkipper,19
#motorwayincident,#JUSTICE,4
#motorwayincident,#JusticeServed,1
#motorwayincident,#publiclyhangrapists,1
#motorwayincident,#Peaches,1
#motorwayincident,#gangrape,3
#motorwayincident,#نیازی_قبرمیں_سکون_کرو,17
#motorwayincident,#motherlove,1
#motorwayincident,#MothersDay2021,1
#motorwayincident,#GalaxyA52,1
#motorwayincident,#BuryingKashmirIsRejected,2
#motorwayincident,#zohaibkhan,1
#motorwayincident,#zkwrites,1
#motorwayincident,#Court,2
#motorwayincident,#10bmnews,4
#motorwayincident,#latestnews,4
#motorwayincident,#IndusAapSeHai,4
#motorwayincident,#NizamBadloBikeRally23rdMarch,4
#motorwayincident,#MotorwayRapeCase,13
#motorwayincident,#streetharassment,2
#motorwayincident,#CapitalTV,4
#motorwayincident,#AbidMalhi,3
#motorwayincident,#ShafqatAli,2
#motorwayincident,#MotorwayIncident,1
#motorwayincident,#mksw85official,2
#motorwayincident,#ImperialNews92,2
#motorwayincident,#PDM,5
#motorwayincident,#SaddiqulFarooq,3
#motorwayincident,#justiceserved,1
#motorwayincident,#death_for_rapists,1
#motorwayincident,#GTVNews,3
#motorwayincident,#ARYNews,1
#motorwayincident,#MotorwayCase,1
#motorwayincident,#visiongraphic,1
#motorwayincident,#Restoresaaraaab,3
#motorwayincident,#kaptaan,1
#motorwayincident,#Quran,1
#motorwayincident,#WhatsApp,1
#motorwayincident,#UCLdraw,1
#motorwayincident,#ATEEZ,1
#motorwayincident,#Dubai,1
#motorwayincident,#GIDLE,1
#motorwayincident,#londonprotest,5
#motorwayincident,#womenvoilence,1
#motorwayincident,#crime,1
#motorwayincident,#court,1
#motorwayincident,#breakingnews,1
#motorwayincident,#Newsonepk,2
#motorwayincident,#MazratKaySaath,2
#motorwayincident,#PTIGovernment,2
#motorwayincident,#JUIF,2
#motorwayincident,#PPP,2
#motorwayincident,#PTI,2
#motorwayincident,#PMLN,2
#motorwayincident,#MaryamNawaz,2
#motorwayincident,#BilawalBhutto,2
#motorwayincident,#FazalurRehman,2
#motorwayincident,#INDvsENG,5
#motorwayincident,#سلام_یاامیرالمجاہدین,3
#motorwayincident,#lockdown,4
#motorwayincident,#BREAKING,5
#motorwayincident,#INDvENG,3
#motorwayincident,#BTSV,2
#motorwayincident,#CoupleGoals,2
#motorwayincident,#HanKer,2
#motorwayincident,#JusticeLeague,2
#motorwayincident,#ADA,2
#motorwayincident,#FarmersProtest,2
#motorwayincident,#JUNGKOOK,2
#motorwayincident,#HASHTAGS,1
#motorwayincident,#PMImranKhan,3
#motorwayincident,#capitalpunishment,2
#motorwayincident,#colorclause,1
#motorwayincident,#Fiverr,1
#motorwayincident,#TheFalconAndTheWinterSoldier,1
#motorwayincident,#twitch,1
#motorwayincident,#got7radio,1
#motorwayincident,#Fortnite,1
#motorwayincident,#JasminBhasin,1
#motorwayincident,#JAYB,1
#motorwayincident,#kalytera,1
#motorwayincident,#Marjaneya,1
#motorwayincident,#OC,1
#motorwayincident,#pordenoneday,1
#motorwayincident,#RRRMovie,1
#motorwayincident,#SaturdayMotivation,1
#motorwayincident,#ViratKohli,1
#motorwayincident,#Shame,2
#motorwayincident,#IslamicLaw,1
#motorwayincident,#Positive,1
#motorwayincident,#Crimes,1
#motorwayincident,#RiasatEMadina,1
#motorwayincident,#modeltown,1
#motorwayincident,#AnilDeshmukh,1
#motorwayincident,#CMBuzdarOnDunyaNews,1
#motorwayincident,#INCPAK,1
#motorwayincident,#Bayern,2
#motorwayincident,#Lewy,2
#motorwayincident,#Dortmund,2
#motorwayincident,#Igbos,2
#motorwayincident,#Batman,2
#motorwayincident,#aneketwins,2
#motorwayincident,#Makinde,2
#motorwayincident,#kerabling,2
#motorwayincident,#obuasi,2
#motorwayincident,#atwinsdesign,2
#motorwayincident,#aneketwinstv,2
#motorwayincident,#SaintsFC,2
#motorwayincident,#goodnight,2
#motorwayincident,#PositiveVibesOnly,2
#motorwayincident,#motivation,2
#motorwayincident,#MotivationalQuotes,2
#motorwayincident,#RuleofLaw,1
#motorwayincident,#deathpenalty,2
#motorwayincident,#rapper,1
#motorwayincident,#abused,1
#motorwayincident,#Violence,1
#motorwayincident,#Police,1
#motorwayincident,#DeathSentence,1
#motorwayincident,#ImranKhanMyPM,3
#motorwayincident,#imrankhancovidpositive,3
#motorwayincident,#PrimeMinisterImrankhan,3
#motorwayincident,#PMIK,3
#RapistStonnedToDeath,#RapistPMLN,2
#RapistStonnedToDeath,#PublicHangingOfRapists,1
#GujjarPuraMotorway,#MahreenSibtain,1
#GujjarPuraMotorway,#MotorwayCase,1
#GujjarPuraMotorway,#MotorwayRapeCase,1
#MahreenSibtain,#MotorwayCase,1
#MahreenSibtain,#MotorwayRapeCase,1
#MotorwayCase,#MotorwayRapeCase,1
#MotorwayCase,#IslamabadCase,13
#MotorwayCase,#NoorMuqadamCase,13
#MotorwayCase,#MinareEPakistanCase,13
#MotorwayCase,#HyderabadCase,13
#MotorwayCase,#ARYNews,1
#MotorwayCase,#BreakingNews,1
#MotorwayCase,#DeathSentence,2
#raisingboys,#mentalconditioning,1
#raisingboys,#psychologicalleadership,1
#raisingboys,#socialvalues,1
#raisingboys,#moralvalues,1
#raisingboys,#mahfoozaurat,1
#raisingboys,#ayeshaakram,1
#raisingboys,#motorwaycase,1
#raisingboys,#noormuqadam,1
#mentalconditioning,#psychologicalleadership,1
#mentalconditioning,#socialvalues,1
#mentalconditioning,#moralvalues,1
#mentalconditioning,#mahfoozaurat,1
#mentalconditioning,#ayeshaakram,1
#mentalconditioning,#motorwaycase,1
#mentalconditioning,#noormuqadam,1
#psychologicalleadership,#socialvalues,1
#psychologicalleadership,#moralvalues,1
#psychologicalleadership,#mahfoozaurat,1
#psychologicalleadership,#ayeshaakram,1
#psychologicalleadership,#motorwaycase,1
#psychologicalleadership,#noormuqadam,1
#socialvalues,#moralvalues,1
#socialvalues,#mahfoozaurat,1
#socialvalues,#ayeshaakram,1
#socialvalues,#motorwaycase,1
#socialvalues,#noormuqadam,1
#moralvalues,#mahfoozaurat,1
#moralvalues,#ayeshaakram,1
#moralvalues,#motorwaycase,1
#moralvalues,#noormuqadam,1
#mahfoozaurat,#ayeshaakram,1
#mahfoozaurat,#motorwaycase,1
#mahfoozaurat,#noormuqadam,1
#ayeshaakram,#motorwaycase,1
#ayeshaakram,#noormuqadam,1
#ayeshaakram,#cybercrime,1
#ayeshaakram,#WomensRights,1
#ayeshaakram,#auratmarch,1
#ayeshaakram,#feminism,1
#ayeshaakram,#metoo,1
#ayeshaakram,#MinarePakistan,1
#ayeshaakram,#yesallmen,1
#motorwaycase,#noormuqadam,1
#motorwaycase,#lahoreincident,4
#motorwaycase,#400men,4
#motorwaycase,#ayesha,4
#motorwaycase,#insaaf,4
#motorwaycase,#CourtingTheLaw,2
#motorwaycase,#antirape,2
#motorwaycase,#Zainabcase,2
#motorwaycase,#MotowayIncident,1
#motorwaycase,#pmln,1
#motorwaycase,#Lahore,2
#motorwaycase,#DTD,1
#motorwaycase,#ATC,1
#motorwaycase,#motorwayrape,1
#motorwaycase,#motorayincident,1
#motorwaycase,#womenvoilence,2
#motorwaycase,#crime,2
#motorwaycase,#court,2
#motorwaycase,#breaking,1
#motorwaycase,#Motorway,1
#motorwaycase,#ShehnaazGill,1
#motorwaycase,#GetWellSoonSkipper,1
#motorwaycase,#GalaxyA52,1
#motorwaycase,#BuryingKashmirIsRejected,1
#motorwaycase,#zohaibkhan,1
#motorwaycase,#zkwrites,1
#motorwaycase,#Court,1
#motorwaycase,#breakingnews,1
#motorwaycase,#Shame,2
#minarepakistanincident,#rickshawincident,1
#minarepakistanincident,#11thhour,1
#minarepakistanincident,#Selfdefense,2
#minarepakistanincident,#HARASSMENTRISK,2
#minarepakistanincident,#womenempowerment,2
#minarepakistanincident,#girlpower,2
#minarepakistanincident,#MotorwayIncident,2
#minarepakistanincident,#hangtherapist,1
#minarepakistanincident,#WeNeedJustice,1
#minarepakistanincident,#PakistanMurdabad,1
#minarepakistanincident,#400men,1
#minarepakistanincident,#minarepakistan,1
#minarepakistanincident,#femicide,1
#minarepakistanincident,#lahoreincident,2
#minarepakistanincident,#zainab,1
#rickshawincident,#11thhour,1
#Selfdefense,#HARASSMENTRISK,2
#Selfdefense,#womenempowerment,2
#Selfdefense,#girlpower,2
#Selfdefense,#MotorwayIncident,2
#HARASSMENTRISK,#womenempowerment,2
#HARASSMENTRISK,#girlpower,2
#HARASSMENTRISK,#MotorwayIncident,2
#womenempowerment,#girlpower,2
#womenempowerment,#MotorwayIncident,2
#girlpower,#MotorwayIncident,2
#MotorwayIncident,#motorway,1
#MotorwayIncident,#lahoreincident,1
#MotorwayIncident,#Motorway,1
#MotorwayIncident,#MotorwayPolice,3
#MotorwayIncident,#MotorwayOfficerHit,3
#MotorwayIncident,#IndependentJudiciary,3
#MotorwayIncident,#JusticeForSale,3
#MotorwayIncident,#MajeedAchakzai,3
#MotorwayIncident,#TwoPakistanNotOne,3
#MotorwayIncident,#GraphicWalaDesigner,2
#MotorwayIncident,#TalhaInsafian,2
#MotorwayIncident,#AbidMalhi,1
#MotorwayIncident,#ShafqatAli,1
#MotorwayIncident,#GeoNews,1
#lahoreincident,#400men,4
#lahoreincident,#ayesha,4
#lahoreincident,#insaaf,4
#lahoreincident,#noormukaddamincident,1
#lahoreincident,#zainab,2
#400men,#ayesha,4
#400men,#insaaf,4
#400men,#NoorMuqadam,1
#400men,#quratulain,1
#400men,#zainab,1
#400men,#naseembibi,1
#400men,#PakistanMurdabad,1
#400men,#minarepakistan,1
#400men,#justiceforzainab,1
#400men,#JusticeForAyesha,1
#400men,#justicefoefatima,1
#ayesha,#insaaf,4
#minarepakistan,#justiceforquratulain,12
#minarepakistan,#khadijasiddiqi,12
#minarepakistan,#acidattacks,12
#minarepakistan,#naseembibi,12
#minarepakistan,#DomesticViolenceBill,12
#minarepakistan,#PakistanMurdabad,1
#minarepakistan,#Lahore,1
#minarepakistan,#Zainab,1
#minarepakistan,#women,1
#minarepakistan,#Motorwaycase,1
#minarepakistan,#usmanmirza,1
#justiceforquratulain,#khadijasiddiqi,12
#justiceforquratulain,#acidattacks,12
#justiceforquratulain,#naseembibi,12
#justiceforquratulain,#DomesticViolenceBill,12
#justiceforquratulain,#sahiwal,3
#justiceforquratulain,#JusticeforSaima,1
#justiceforquratulain,#nayabnadeem,1
#justiceforquratulain,#We_reject_domestic_violence_bill_2021,1
#justiceforquratulain,#qandeelbaloch,1
#khadijasiddiqi,#acidattacks,12
#khadijasiddiqi,#naseembibi,12
#khadijasiddiqi,#DomesticViolenceBill,12
#acidattacks,#naseembibi,12
#acidattacks,#DomesticViolenceBill,12
#naseembibi,#DomesticViolenceBill,12
#naseembibi,#NoorMuqadam,1
#naseembibi,#quratulain,1
#naseembibi,#zainab,1
#naseembibi,#zainabansari,1
#naseembibi,#goatlivesmatter,1
#naseembibi,#mukhtarmai,1
#naseembibi,#acidattack,1
#thousandsolededsuns,#OkaraIncident,1
#NoorMuqadam,#quratulain,1
#NoorMuqadam,#zainab,1
#quratulain,#zainab,1
#hangtherapist,#WeNeedJustice,1
#hangtherapist,#JusticeForWomen,1
#zainabansari,#goatlivesmatter,1
#zainabansari,#mukhtarmai,1
#zainabansari,#acidattack,1
#goatlivesmatter,#mukhtarmai,1
#goatlivesmatter,#acidattack,1
#mukhtarmai,#acidattack,1
#cybercrime,#WomensRights,1
#cybercrime,#auratmarch,1
#cybercrime,#feminism,1
#cybercrime,#metoo,1
#WomensRights,#auratmarch,1
#WomensRights,#feminism,1
#WomensRights,#metoo,1
#auratmarch,#feminism,1
#auratmarch,#metoo,1
#feminism,#metoo,1
#motorway,#M2,1
#motorway,#dakaiti,1
#motorway,#robbery,1
#motorway,#UsmanBuzdar,1
#motorway,#GovtofPakistan,1
#motorway,#PunjabPolice,1
#motorway,#pindibhattian,1
#motorway,#motorwaypolice,1
#motorway,#PunjabPoliceOfficialPakistan,1
#motorway,#CCPOLahore,1
#motorway,#RemoveCCPOLahore,1
#motorway,#UmerShaikh,1
#motorway,#HangRapists,1
#motorway,#hangrapistspublicly,1
#motorway,#Mansehra,1
#motorway,#BeautifulBeautiful,1
#motorway,#BeautifulPakistan,1
#motorway,#Kashmir,1
#motorway,#kashmirHighWay,1
#StopAbbusingVulnerables,#MinarePakistanIncident,1
#Lahore,#Zainab,1
#Lahore,#women,1
#Lahore,#DTD,1
#Lahore,#ATC,1
#Lahore,#Jail,1
#Lahore,#CapitalTV,1
#Lahore,#BreakingNews,1
#Lahore,#AbidMalhi,3
#Lahore,#ShafqatAli,3
#Lahore,#INCPAK,2
#Zainab,#women,1
#IslamabadCase,#NoorMuqadamCase,13
#IslamabadCase,#MinareEPakistanCase,13
#IslamabadCase,#HyderabadCase,13
#NoorMuqadamCase,#MinareEPakistanCase,13
#NoorMuqadamCase,#HyderabadCase,13
#MinareEPakistanCase,#HyderabadCase,13
#MinarePakistan,#yesallmen,1
#HangRapists,#hangrapistspublicly,3
#HangRapists,#PublicHangingOfRapists,2
#HangRapists,#WarAgainstRape,1
#HangRapists,#CCPOLahore,1
#HangRapists,#RemoveCCPOLahore,2
#HangRapists,#UmerShaikh,1
#HangRapists,#mksw85official,2
#HangRapists,#ImperialNews92,2
#HangRapists,#CMBuzdarOnDunyaNews,1
#hangrapistspublicly,#PublicHangingOfRapists,3
#hangrapistspublicly,#WarAgainstRape,1
#hangrapistspublicly,#RemoveCCPOLahore,2
#hangrapistspublicly,#HangRapistsPublically,1
#hangrapistspublicly,#CCPOLahore,1
#hangrapistspublicly,#UmerShaikh,1
#hangrapistspublicly,#rapecase,1
#hangrapistspublicly,#publiclyhangrapists,1
#PublicHangingOfRapists,#Motorway,1
#PublicHangingOfRapists,#WarAgainstrape,1
#PublicHangingOfRapists,#Todaytheyrapedwomen,1
#PublicHangingOfRapists,#HangRapist,1
#PublicHangingOfRapists,#hangtilldeath,1
#PublicHangingOfRapists,#WarAgainstRape,1
#PublicHangingOfRapists,#MeraJismMeriMarzi,1
#PublicHangingOfRapists,#rapecase,1
#Motorwaycase,#usmanmirza,1
#Motorwaycase,#CrimeScene,1
#Motorwaycase,#truecrime,1
#justiceforzainab,#JusticeForAyesha,1
#justiceforzainab,#justicefoefatima,1
#justiceforzainab,#usmanmirzascandal,1
#JusticeForAyesha,#justicefoefatima,1
#DontBlamePakistan,#motorwayIncident,1
#DontBlamePakistan,#HangRapistsPublically,1
#DontBlamePakistan,#Hang_RapistsInPublic,1
#motorwayIncident,#HangRapistsPublically,1
#motorwayIncident,#Hang_RapistsInPublic,1
#HangRapistsPublically,#Hang_RapistsInPublic,1
#HangRapistsPublically,#RemoveCCPOLahore,1
#HangRapistsPublically,#FixitPakistan,1
#HangRapistsPublically,#JusticeForZainab,5
#HangRapistsPublically,#Balochistan,1
#motorwayrape,#Punjab,1
#Punjab,#SayNoToBahriaTown,6
#Punjab,#Haryana,3
#Punjab,#Farmers,3
#Punjab,#RespectForOverseas,3
#Punjab,#CPvSIN,3
#HerAllies,#consent,3
#HerAllies,#manels,3
#consent,#manels,3
#Motorway,#WarAgainstrape,1
#Motorway,#Todaytheyrapedwomen,1
#Motorway,#HangRapist,1
#Motorway,#hangtilldeath,1
#Motorway,#AbidAli,1
#WarAgainstrape,#Todaytheyrapedwomen,1
#WarAgainstrape,#HangRapist,1
#WarAgainstrape,#hangtilldeath,1
#Todaytheyrapedwomen,#HangRapist,1
#Todaytheyrapedwomen,#hangtilldeath,1
#HangRapist,#hangtilldeath,1
#ccpo,#rapeculture,1
#JusticeForZainab,#Balochistan,1
#JusticeforSaima,#nayabnadeem,1
#JusticeforSaima,#We_reject_domestic_violence_bill_2021,1
#JusticeforSaima,#qandeelbaloch,1
#nayabnadeem,#We_reject_domestic_violence_bill_2021,1
#nayabnadeem,#qandeelbaloch,1
#We_reject_domestic_violence_bill_2021,#qandeelbaloch,1
#CourtingTheLaw,#antirape,2
#CourtingTheLaw,#Zainabcase,2
#antirape,#Zainabcase,2
#CCPOLahore,#MukhtaranMai,2
#CCPOLahore,#ThankYouPrimeMinister,4
#CCPOLahore,#Woman,9
#CCPOLahore,#Women,8
#CCPOLahore,#MeToo,8
#CCPOLahore,#MotorWayIncident,8
#CCPOLahore,#RemoveCCPOLahore,9
#CCPOLahore,#Rape,7
#CCPOLahore,#woman,2
#CCPOLahore,#Rapists,2
#CCPOLahore,#UmerShaikh,1
#RemoveCCPOLahore,#MukhtaranMai,2
#RemoveCCPOLahore,#ThankYouPrimeMinister,4
#RemoveCCPOLahore,#Woman,9
#RemoveCCPOLahore,#Women,8
#RemoveCCPOLahore,#MeToo,8
#RemoveCCPOLahore,#MotorWayIncident,8
#RemoveCCPOLahore,#Rape,7
#RemoveCCPOLahore,#woman,2
#RemoveCCPOLahore,#Rapists,2
#RemoveCCPOLahore,#UmerShaikh,1
#RemoveCCPOLahore,#BlameTheRapistOnly,1
#RemoveCCPOLahore,#CMBuzdarOnDunyaNews,1
#MeraQusoorKiaHai,#Sexualassault,4
#MeraQusoorKiaHai,#GulPanra,4
#MeraQusoorKiaHai,#Rape,4
#MeraQusoorKiaHai,#Marwah,4
#MeraQusoorKiaHai,#Shaheenbaloch,4
#MeraQusoorKiaHai,#sexualabuse,4
#MeraQusoorKiaHai,#womenpower,4
#Sexualassault,#GulPanra,4
#Sexualassault,#Rape,4
#Sexualassault,#Marwah,4
#Sexualassault,#Shaheenbaloch,4
#Sexualassault,#sexualabuse,4
#Sexualassault,#womenpower,4
#GulPanra,#Rape,4
#GulPanra,#Marwah,4
#GulPanra,#Shaheenbaloch,4
#GulPanra,#sexualabuse,4
#GulPanra,#womenpower,4
#Rape,#Marwah,4
#Rape,#Shaheenbaloch,4
#Rape,#sexualabuse,4
#Rape,#womenpower,4
#Rape,#MukhtaranMai,1
#Rape,#ThankYouPrimeMinister,3
#Rape,#Woman,7
#Rape,#Women,7
#Rape,#MeToo,7
#Rape,#MotorWayIncident,7
#Rape,#woman,2
#Rape,#Rapists,2
#Rape,#DialoguePakistan,1
#Rape,#Motorwayincident,1
#Rape,#ATC,1
#Marwah,#Shaheenbaloch,4
#Marwah,#sexualabuse,4
#Marwah,#womenpower,4
#Shaheenbaloch,#sexualabuse,4
#Shaheenbaloch,#womenpower,4
#sexualabuse,#womenpower,4
#MukhtaranMai,#ThankYouPrimeMinister,2
#MukhtaranMai,#Woman,4
#MukhtaranMai,#Women,2
#MukhtaranMai,#MeToo,2
#MukhtaranMai,#MotorWayIncident,2
#ThankYouPrimeMinister,#Woman,8
#ThankYouPrimeMinister,#Women,4
#ThankYouPrimeMinister,#MeToo,4
#ThankYouPrimeMinister,#MotorWayIncident,4
#ThankYouPrimeMinister,#Rapists,2
#Woman,#Women,9
#Woman,#MeToo,9
#Woman,#MotorWayIncident,9
#Woman,#Rapists,4
#Women,#MeToo,8
#Women,#MotorWayIncident,8
#Women,#woman,2
#Women,#Rapists,2
#MeToo,#MotorWayIncident,8
#MeToo,#woman,2
#MeToo,#Rapists,2
#MotorWayIncident,#woman,2
#MotorWayIncident,#Rapists,2
#UAEWhereIsRashidHussain,#FridaysWithArmaan,1
#UAEWhereIsRashidHussain,#BachaKhanIconOfNonViolence,1
#UAEWhereIsRashidHussain,#bachakhaniconofpeace,1
#UAEWhereIsRashidHussain,#POCOX3,1
#UAEWhereIsRashidHussain,#BALvKP,1
#UAEWhereIsRashidHussain,#ShahAbdulLatifBhittai,1
#UAEWhereIsRashidHussain,#PinkRibbon,1
#UAEWhereIsRashidHussain,#WalkTowardsHussain,1
#UAEWhereIsRashidHussain,#TrueSpiritOfIslam,1
#FridaysWithArmaan,#BachaKhanIconOfNonViolence,1
#FridaysWithArmaan,#bachakhaniconofpeace,1
#FridaysWithArmaan,#POCOX3,1
#FridaysWithArmaan,#BALvKP,1
#FridaysWithArmaan,#ShahAbdulLatifBhittai,1
#FridaysWithArmaan,#PinkRibbon,1
#FridaysWithArmaan,#WalkTowardsHussain,1
#FridaysWithArmaan,#TrueSpiritOfIslam,1
#BachaKhanIconOfNonViolence,#bachakhaniconofpeace,1
#BachaKhanIconOfNonViolence,#POCOX3,1
#BachaKhanIconOfNonViolence,#BALvKP,1
#BachaKhanIconOfNonViolence,#ShahAbdulLatifBhittai,1
#BachaKhanIconOfNonViolence,#PinkRibbon,1
#BachaKhanIconOfNonViolence,#WalkTowardsHussain,1
#BachaKhanIconOfNonViolence,#TrueSpiritOfIslam,1
#bachakhaniconofpeace,#POCOX3,1
#bachakhaniconofpeace,#BALvKP,1
#bachakhaniconofpeace,#ShahAbdulLatifBhittai,1
#bachakhaniconofpeace,#PinkRibbon,1
#bachakhaniconofpeace,#WalkTowardsHussain,1
#bachakhaniconofpeace,#TrueSpiritOfIslam,1
#POCOX3,#BALvKP,1
#POCOX3,#ShahAbdulLatifBhittai,1
#POCOX3,#PinkRibbon,1
#POCOX3,#WalkTowardsHussain,1
#POCOX3,#TrueSpiritOfIslam,1
#BALvKP,#ShahAbdulLatifBhittai,1
#BALvKP,#PinkRibbon,1
#BALvKP,#WalkTowardsHussain,1
#BALvKP,#TrueSpiritOfIslam,1
#ShahAbdulLatifBhittai,#PinkRibbon,1
#ShahAbdulLatifBhittai,#WalkTowardsHussain,1
#ShahAbdulLatifBhittai,#TrueSpiritOfIslam,1
#PinkRibbon,#WalkTowardsHussain,1
#PinkRibbon,#TrueSpiritOfIslam,1
#WalkTowardsHussain,#TrueSpiritOfIslam,1
#SayNoToBahriaTown,#Haryana,6
#SayNoToBahriaTown,#Farmers,6
#SayNoToBahriaTown,#RespectForOverseas,6
#SayNoToBahriaTown,#CPvSIN,6
#SayNoToBahriaTown,#DonaldTrump,1
#SayNoToBahriaTown,#fridaymorning,1
#SayNoToBahriaTown,#غدار_اور_نمک_حرام_نوازشریف,1
#Haryana,#Farmers,3
#Haryana,#RespectForOverseas,3
#Haryana,#CPvSIN,3
#Farmers,#RespectForOverseas,3
#Farmers,#CPvSIN,3
#RespectForOverseas,#CPvSIN,3
#EnoughIsEnough,#stopblamingvictims,2
#M2,#dakaiti,1
#M2,#robbery,1
#M2,#UsmanBuzdar,1
#M2,#GovtofPakistan,1
#M2,#PunjabPolice,1
#M2,#pindibhattian,1
#M2,#motorwaypolice,1
#M2,#PunjabPoliceOfficialPakistan,1
#dakaiti,#robbery,1
#dakaiti,#UsmanBuzdar,1
#dakaiti,#GovtofPakistan,1
#dakaiti,#PunjabPolice,1
#dakaiti,#pindibhattian,1
#dakaiti,#motorwaypolice,1
#dakaiti,#PunjabPoliceOfficialPakistan,1
#robbery,#UsmanBuzdar,1
#robbery,#GovtofPakistan,1
#robbery,#PunjabPolice,1
#robbery,#pindibhattian,1
#robbery,#motorwaypolice,1
#robbery,#PunjabPoliceOfficialPakistan,1
#UsmanBuzdar,#GovtofPakistan,1
#UsmanBuzdar,#PunjabPolice,1
#UsmanBuzdar,#pindibhattian,1
#UsmanBuzdar,#motorwaypolice,1
#UsmanBuzdar,#PunjabPoliceOfficialPakistan,1
#GovtofPakistan,#PunjabPolice,1
#GovtofPakistan,#pindibhattian,1
#GovtofPakistan,#motorwaypolice,1
#GovtofPakistan,#PunjabPoliceOfficialPakistan,1
#PunjabPolice,#pindibhattian,1
#PunjabPolice,#motorwaypolice,1
#PunjabPolice,#PunjabPoliceOfficialPakistan,1
#PunjabPolice,#پنجاب_پولیس_کو_لگام_دو,1
#pindibhattian,#motorwaypolice,1
#pindibhattian,#PunjabPoliceOfficialPakistan,1
#motorwaypolice,#PunjabPoliceOfficialPakistan,1
#Motorwayincident,#lahore,1
#Motorwayincident,#DialoguePakistan,1
#Motorwayincident,#ATC,1
#Motorwayincident,#AlanpurNews,1
#lahore,#MotorwayRape,1
#lahore,#sialkot,1
#lahore,#BreakingNews,1
#lahore,#abidmalhi,1
#lahore,#shafqatbagga,1
#lahore,#AlanpurNews,1
#SackShireenMazari,#يوم_الجمعة,1
#SackShireenMazari,#جمعة_مباركة,1
#يوم_الجمعة,#جمعة_مباركة,1
#PeshawarMotorway,#AdeelShah,1
#PeshawarMotorway,#JusticeForAdeel,1
#AdeelShah,#JusticeForAdeel,1
#MotorwayPolice,#MotorwayOfficerHit,3
#MotorwayPolice,#IndependentJudiciary,3
#MotorwayPolice,#JusticeForSale,3
#MotorwayPolice,#MajeedAchakzai,3
#MotorwayPolice,#TwoPakistanNotOne,3
#MotorwayOfficerHit,#IndependentJudiciary,3
#MotorwayOfficerHit,#JusticeForSale,3
#MotorwayOfficerHit,#MajeedAchakzai,3
#MotorwayOfficerHit,#TwoPakistanNotOne,3
#IndependentJudiciary,#JusticeForSale,3
#IndependentJudiciary,#MajeedAchakzai,3
#IndependentJudiciary,#TwoPakistanNotOne,3
#JusticeForSale,#MajeedAchakzai,3
#JusticeForSale,#TwoPakistanNotOne,3
#MajeedAchakzai,#TwoPakistanNotOne,3
#DonaldTrump,#fridaymorning,1
#DonaldTrump,#غدار_اور_نمک_حرام_نوازشریف,1
#fridaymorning,#غدار_اور_نمک_حرام_نوازشریف,1
#ThoughtForTheDay,#AutomotiveIndustry,2
#ThoughtForTheDay,#roadTrip,2
#ThoughtForTheDay,#cars,2
#ThoughtForTheDay,#potholetracker,2
#ThoughtForTheDay,#RoadSafety,2
#ThoughtForTheDay,#CircleMaze,2
#AutomotiveIndustry,#roadTrip,2
#AutomotiveIndustry,#cars,2
#AutomotiveIndustry,#potholetracker,2
#AutomotiveIndustry,#RoadSafety,2
#AutomotiveIndustry,#CircleMaze,2
#roadTrip,#cars,2
#roadTrip,#potholetracker,2
#roadTrip,#RoadSafety,2
#roadTrip,#CircleMaze,2
#cars,#potholetracker,2
#cars,#RoadSafety,2
#cars,#CircleMaze,2
#potholetracker,#RoadSafety,2
#potholetracker,#CircleMaze,2
#RoadSafety,#CircleMaze,2
#UPDATE,#Xbox,2
#UPDATE,#SeriesX,2
#UPDATE,#RESTOCK,2
#UPDATE,#ShehnaazGill,2
#UPDATE,#gamestophearing,2
#UPDATE,#targets,2
#UPDATE,#Walmart,2
#UPDATE,#lockdown2021,2
#UPDATE,#Evil,2
#UPDATE,#gamedev,2
#UPDATE,#USA,2
#Xbox,#SeriesX,2
#Xbox,#RESTOCK,2
#Xbox,#ShehnaazGill,2
#Xbox,#gamestophearing,2
#Xbox,#targets,2
#Xbox,#Walmart,2
#Xbox,#lockdown2021,2
#Xbox,#Evil,2
#Xbox,#gamedev,2
#Xbox,#USA,2
#SeriesX,#RESTOCK,2
#SeriesX,#ShehnaazGill,2
#SeriesX,#gamestophearing,2
#SeriesX,#targets,2
#SeriesX,#Walmart,2
#SeriesX,#lockdown2021,2
#SeriesX,#Evil,2
#SeriesX,#gamedev,2
#SeriesX,#USA,2
#RESTOCK,#ShehnaazGill,2
#RESTOCK,#gamestophearing,2
#RESTOCK,#targets,2
#RESTOCK,#Walmart,2
#RESTOCK,#lockdown2021,2
#RESTOCK,#Evil,2
#RESTOCK,#gamedev,2
#RESTOCK,#USA,2
#ShehnaazGill,#gamestophearing,2
#ShehnaazGill,#targets,2
#ShehnaazGill,#Walmart,2
#ShehnaazGill,#lockdown2021,7
#ShehnaazGill,#Evil,2
#ShehnaazGill,#gamedev,2
#ShehnaazGill,#USA,2
#ShehnaazGill,#AafiaLifeIsInDanger,5
#ShehnaazGill,#MothersDay,5
#ShehnaazGill,#LUMS,5
#ShehnaazGill,#GetWellSoonPMIK,5
#ShehnaazGill,#GetWellSoonImranKhan,5
#ShehnaazGill,#جیو_ہزاروں_سال_کپتان,5
#ShehnaazGill,#GetWellSoonSkipper,1
#ShehnaazGill,#GalaxyA52,1
#ShehnaazGill,#BuryingKashmirIsRejected,1
#ShehnaazGill,#zohaibkhan,1
#ShehnaazGill,#zkwrites,1
#ShehnaazGill,#Court,1
#gamestophearing,#targets,2
#gamestophearing,#Walmart,2
#gamestophearing,#lockdown2021,2
#gamestophearing,#Evil,2
#gamestophearing,#gamedev,2
#gamestophearing,#USA,2
#targets,#Walmart,2
#targets,#lockdown2021,2
#targets,#Evil,2
#targets,#gamedev,2
#targets,#USA,2
#Walmart,#lockdown2021,2
#Walmart,#Evil,2
#Walmart,#gamedev,2
#Walmart,#USA,2
#lockdown2021,#Evil,2
#lockdown2021,#gamedev,2
#lockdown2021,#USA,2
#lockdown2021,#19MarchLahoreDharna,6
#lockdown2021,#نوروز,3
#lockdown2021,#Coronaviruspakistan,2
#lockdown2021,#انصاف_کرو_سیاست_نہیں,2
#lockdown2021,#releasekhurramali,2
#lockdown2021,#Technologist_Protest_24March,5
#lockdown2021,#Nowruz,3
#lockdown2021,#pakistanmovingforward,2
#lockdown2021,#AafiaLifeIsInDanger,5
#lockdown2021,#MothersDay,5
#lockdown2021,#LUMS,10
#lockdown2021,#GetWellSoonPMIK,12
#lockdown2021,#GetWellSoonImranKhan,8
#lockdown2021,#جیو_ہزاروں_سال_کپتان,18
#lockdown2021,#Corona,1
#lockdown2021,#Kaptaan,1
#lockdown2021,#Vaccination,1
#lockdown2021,#BreakingNews,7
#lockdown2021,#19thMarchLahoreDharna,1
#lockdown2021,#Sinopharm,1
#lockdown2021,#PakistanMovingForward,1
#lockdown2021,#GetWellSoonSkipper,15
#lockdown2021,#10bmnews,4
#lockdown2021,#latestnews,4
#lockdown2021,#نیازی_قبرمیں_سکون_کرو,12
#lockdown2021,#IndusAapSeHai,4
#lockdown2021,#NizamBadloBikeRally23rdMarch,4
#lockdown2021,#visiongraphic,1
#lockdown2021,#BuryingKashmirIsRejected,1
#lockdown2021,#Restoresaaraaab,3
#lockdown2021,#kaptaan,1
#lockdown2021,#Quran,1
#lockdown2021,#WhatsApp,1
#lockdown2021,#UCLdraw,1
#lockdown2021,#ATEEZ,1
#lockdown2021,#Dubai,1
#lockdown2021,#GIDLE,1
#lockdown2021,#INDvsENG,5
#lockdown2021,#سلام_یاامیرالمجاہدین,3
#lockdown2021,#COVID19,2
#lockdown2021,#lockdown,4
#lockdown2021,#BREAKING,5
#lockdown2021,#INDvENG,3
#lockdown2021,#BTSV,2
#lockdown2021,#JUSTICE,2
#lockdown2021,#CoupleGoals,2
#lockdown2021,#HanKer,2
#lockdown2021,#JusticeLeague,2
#lockdown2021,#ADA,2
#lockdown2021,#FarmersProtest,2
#lockdown2021,#JUNGKOOK,2
#lockdown2021,#PMImranKhan,3
#lockdown2021,#colorclause,1
#lockdown2021,#Fiverr,1
#lockdown2021,#TheFalconAndTheWinterSoldier,1
#lockdown2021,#twitch,1
#lockdown2021,#got7radio,1
#lockdown2021,#Fortnite,1
#lockdown2021,#JasminBhasin,1
#lockdown2021,#JAYB,1
#lockdown2021,#kalytera,1
#lockdown2021,#londonprotest,4
#lockdown2021,#Marjaneya,1
#lockdown2021,#OC,1
#lockdown2021,#pordenoneday,1
#lockdown2021,#RRRMovie,1
#lockdown2021,#SaturdayMotivation,1
#lockdown2021,#ViratKohli,1
#lockdown2021,#AnilDeshmukh,1
#lockdown2021,#ImranKhanMyPM,3
#lockdown2021,#imrankhancovidpositive,3
#lockdown2021,#PrimeMinisterImrankhan,3
#lockdown2021,#PMIK,3
#Evil,#gamedev,2
#Evil,#USA,2
#gamedev,#USA,2
#motorbike,#motorcycle,1
#motorbike,#Motorsport,1
#motorcycle,#Motorsport,2
#motorcycle,#MotoGP,1
#motorcycle,#Motorola,1
#motorcycle,#MotorcycleLife,1
#motorcycle,#LIVE,1
#motorcycle,#دباب,1
#motorcycle,#دراجتي_الرياض,1
#motorcycle,#دراجات,1
#motorcycle,#BIKER,1
#Motorsport,#MotoGP,1
#Motorsport,#Motorola,1
#Motorsport,#MotorcycleLife,1
#Motorsport,#LIVE,1
#Motorsport,#دباب,1
#Motorsport,#دراجتي_الرياض,1
#Motorsport,#دراجات,1
#Motorsport,#BIKER,1
#socialdilemma,#SocialMediaRulesNeeded,1
#socialdilemma,#socialmediamarketing,1
#socialdilemma,#PeterKennethTruths,1
#socialdilemma,#COVID19,1
#socialdilemma,#AmongUs,1
#SocialMediaRulesNeeded,#socialmediamarketing,1
#SocialMediaRulesNeeded,#PeterKennethTruths,1
#SocialMediaRulesNeeded,#COVID19,1
#SocialMediaRulesNeeded,#AmongUs,1
#socialmediamarketing,#PeterKennethTruths,1
#socialmediamarketing,#COVID19,1
#socialmediamarketing,#AmongUs,1
#PeterKennethTruths,#COVID19,1
#PeterKennethTruths,#AmongUs,1
#COVID19,#AmongUs,1
#COVID19,#lockdown,2
#COVID19,#LUMS,2
#COVID19,#BreakingNews,2
#COVID19,#BREAKING,2
#COVID19,#INDvENG,2
#COVID19,#BTSV,2
#COVID19,#JUSTICE,2
#COVID19,#CoupleGoals,2
#COVID19,#HanKer,2
#COVID19,#JusticeLeague,2
#COVID19,#ADA,2
#COVID19,#FarmersProtest,2
#COVID19,#JUNGKOOK,2
#COVID19,#GetWellSoonSkipper,2
#India,#supremecourtofindia,1
#India,#claims,1
#India,#motoraccident,1
#India,#roadsafety,1
#India,#insurance,1
#India,#Law,1
#India,#NewsUpdate,1
#India,#RoadSafetyWorldSeries2021,1
#CrimeScene,#truecrime,1
#MotoGP,#Motorola,1
#MotoGP,#MotorcycleLife,1
#MotoGP,#LIVE,1
#MotoGP,#دباب,1
#MotoGP,#دراجتي_الرياض,1
#MotoGP,#دراجات,1
#MotoGP,#BIKER,1
#Motorola,#MotorcycleLife,1
#Motorola,#LIVE,1
#Motorola,#دباب,1
#Motorola,#دراجتي_الرياض,1
#Motorola,#دراجات,1
#Motorola,#BIKER,1
#MotorcycleLife,#LIVE,1
#MotorcycleLife,#دباب,1
#MotorcycleLife,#دراجتي_الرياض,1
#MotorcycleLife,#دراجات,1
#MotorcycleLife,#BIKER,1
#LIVE,#دباب,1
#LIVE,#دراجتي_الرياض,1
#LIVE,#دراجات,1
#LIVE,#BIKER,1
#دباب,#دراجتي_الرياض,1
#دباب,#دراجات,1
#دباب,#BIKER,1
#دراجتي_الرياض,#دراجات,1
#دراجتي_الرياض,#BIKER,1
#دراجات,#BIKER,1
#Romford,#A12,2
#Romford,#emergencyservices,2
#Romford,#london,2
#Romford,#essex,2
#A12,#emergencyservices,2
#A12,#london,2
#A12,#essex,2
#emergencyservices,#london,2
#emergencyservices,#essex,2
#london,#essex,2
#zalimkosazado,#طلبہ_کو_پڑھنے_دو,4
#DialoguePakistan,#ATC,1
#ATC,#DTD,1
#19MarchLahoreDharna,#نوروز,2
#19MarchLahoreDharna,#Coronaviruspakistan,2
#19MarchLahoreDharna,#انصاف_کرو_سیاست_نہیں,2
#19MarchLahoreDharna,#releasekhurramali,2
#19MarchLahoreDharna,#Technologist_Protest_24March,4
#19MarchLahoreDharna,#Nowruz,2
#19MarchLahoreDharna,#pakistanmovingforward,2
#19MarchLahoreDharna,#GetWellSoonSkipper,2
#19MarchLahoreDharna,#نیازی_قبرمیں_سکون_کرو,3
#19MarchLahoreDharna,#جیو_ہزاروں_سال_کپتان,3
#19MarchLahoreDharna,#سلام_یاامیرالمجاہدین,2
#19MarchLahoreDharna,#Restoresaaraaab,1
#نوروز,#Coronaviruspakistan,2
#نوروز,#انصاف_کرو_سیاست_نہیں,2
#نوروز,#releasekhurramali,2
#نوروز,#Technologist_Protest_24March,2
#نوروز,#Nowruz,2
#نوروز,#pakistanmovingforward,2
#نوروز,#BreakingNews,1
#نوروز,#19thMarchLahoreDharna,1
#نوروز,#Sinopharm,1
#نوروز,#PakistanMovingForward,1
#Coronaviruspakistan,#انصاف_کرو_سیاست_نہیں,2
#Coronaviruspakistan,#releasekhurramali,2
#Coronaviruspakistan,#Technologist_Protest_24March,2
#Coronaviruspakistan,#Nowruz,2
#Coronaviruspakistan,#pakistanmovingforward,2
#انصاف_کرو_سیاست_نہیں,#releasekhurramali,2
#انصاف_کرو_سیاست_نہیں,#Technologist_Protest_24March,2
#انصاف_کرو_سیاست_نہیں,#Nowruz,2
#انصاف_کرو_سیاست_نہیں,#pakistanmovingforward,2
#releasekhurramali,#Technologist_Protest_24March,2
#releasekhurramali,#Nowruz,2
#releasekhurramali,#pakistanmovingforward,2
#Technologist_Protest_24March,#Nowruz,2
#Technologist_Protest_24March,#pakistanmovingforward,2
#Technologist_Protest_24March,#Restoresaaraaab,1
#Technologist_Protest_24March,#INDvsENG,1
#Technologist_Protest_24March,#GetWellSoonSkipper,2
#Technologist_Protest_24March,#نیازی_قبرمیں_سکون_کرو,2
#Technologist_Protest_24March,#جیو_ہزاروں_سال_کپتان,2
#Technologist_Protest_24March,#سلام_یاامیرالمجاہدین,2
#Nowruz,#pakistanmovingforward,2
#Nowruz,#colorclause,1
#Nowruz,#Fiverr,1
#Nowruz,#TheFalconAndTheWinterSoldier,1
#Nowruz,#twitch,1
#Nowruz,#got7radio,1
#Nowruz,#Fortnite,1
#Nowruz,#INDvsENG,1
#Nowruz,#JasminBhasin,1
#Nowruz,#JAYB,1
#Nowruz,#kalytera,1
#Nowruz,#londonprotest,1
#Nowruz,#Marjaneya,1
#Nowruz,#OC,1
#Nowruz,#pordenoneday,1
#Nowruz,#RRRMovie,1
#Nowruz,#SaturdayMotivation,1
#Nowruz,#ViratKohli,1
#Viral,#viralvideo,1
#Viral,#petrolPrice,1
#Viral,#DieselPrice,1
#Viral,#traffic,1
#viralvideo,#petrolPrice,1
#viralvideo,#DieselPrice,1
#viralvideo,#traffic,1
#petrolPrice,#DieselPrice,1
#petrolPrice,#traffic,1
#DieselPrice,#traffic,1
#Mansehra,#BeautifulBeautiful,1
#Mansehra,#BeautifulPakistan,1
#Mansehra,#Kashmir,1
#Mansehra,#kashmirHighWay,1
#BeautifulBeautiful,#BeautifulPakistan,1
#BeautifulBeautiful,#Kashmir,1
#BeautifulBeautiful,#kashmirHighWay,1
#BeautifulPakistan,#Kashmir,1
#BeautifulPakistan,#kashmirHighWay,1
#Kashmir,#kashmirHighWay,1
#supremecourtofindia,#claims,1
#supremecourtofindia,#motoraccident,1
#supremecourtofindia,#roadsafety,1
#supremecourtofindia,#insurance,1
#supremecourtofindia,#Law,1
#supremecourtofindia,#NewsUpdate,1
#supremecourtofindia,#RoadSafetyWorldSeries2021,1
#claims,#motoraccident,1
#claims,#roadsafety,1
#claims,#insurance,1
#claims,#Law,1
#claims,#NewsUpdate,1
#claims,#RoadSafetyWorldSeries2021,1
#motoraccident,#roadsafety,1
#motoraccident,#insurance,1
#motoraccident,#Law,1
#motoraccident,#NewsUpdate,1
#motoraccident,#RoadSafetyWorldSeries2021,1
#roadsafety,#insurance,1
#roadsafety,#Law,1
#roadsafety,#NewsUpdate,1
#roadsafety,#RoadSafetyWorldSeries2021,1
#insurance,#Law,1
#insurance,#NewsUpdate,1
#insurance,#RoadSafetyWorldSeries2021,1
#Law,#NewsUpdate,1
#Law,#RoadSafetyWorldSeries2021,1
#NewsUpdate,#RoadSafetyWorldSeries2021,1
#MotorwayRape,#sialkot,1
#maybach,#MercedesMaybach,1
#maybach,#MercedesAMG,1
#maybach,#brabus,1
#maybach,#G700,1
#maybach,#abdelivers,1
#maybach,#abdelivered,1
#maybach,#Mercedes,1
#MercedesMaybach,#MercedesAMG,1
#MercedesMaybach,#brabus,1
#MercedesMaybach,#G700,1
#MercedesMaybach,#abdelivers,1
#MercedesMaybach,#abdelivered,1
#MercedesMaybach,#Mercedes,1
#MercedesAMG,#brabus,1
#MercedesAMG,#G700,1
#MercedesAMG,#abdelivers,1
#MercedesAMG,#abdelivered,1
#MercedesAMG,#Mercedes,1
#brabus,#G700,1
#brabus,#abdelivers,1
#brabus,#abdelivered,1
#brabus,#Mercedes,1
#G700,#abdelivers,1
#G700,#abdelivered,1
#G700,#Mercedes,1
#abdelivers,#abdelivered,1
#abdelivers,#Mercedes,1
#abdelivered,#Mercedes,1
#Sunday,#March,4
#Sunday,#ATCJudgment,4
#Sunday,#LahorePolice,4
#Sunday,#PDMFuture,4
#Sunday,#NAB,4
#Sunday,#ElectionComissionOfPakistan,4
#Sunday,#SenateElection,4
#March,#ATCJudgment,4
#March,#LahorePolice,4
#March,#PDMFuture,4
#March,#NAB,4
#March,#ElectionComissionOfPakistan,4
#March,#SenateElection,4
#ATCJudgment,#LahorePolice,4
#ATCJudgment,#PDMFuture,4
#ATCJudgment,#NAB,4
#ATCJudgment,#ElectionComissionOfPakistan,4
#ATCJudgment,#SenateElection,4
#LahorePolice,#PDMFuture,4
#LahorePolice,#NAB,4
#LahorePolice,#ElectionComissionOfPakistan,4
#LahorePolice,#SenateElection,4
#PDMFuture,#NAB,4
#PDMFuture,#ElectionComissionOfPakistan,4
#PDMFuture,#SenateElection,4
#NAB,#ElectionComissionOfPakistan,4
#NAB,#SenateElection,4
#ElectionComissionOfPakistan,#SenateElection,4
#AafiaLifeIsInDanger,#MothersDay,5
#AafiaLifeIsInDanger,#LUMS,5
#AafiaLifeIsInDanger,#GetWellSoonPMIK,5
#AafiaLifeIsInDanger,#GetWellSoonImranKhan,5
#AafiaLifeIsInDanger,#جیو_ہزاروں_سال_کپتان,5
#MothersDay,#LUMS,5
#MothersDay,#GetWellSoonPMIK,5
#MothersDay,#GetWellSoonImranKhan,5
#MothersDay,#جیو_ہزاروں_سال_کپتان,5
#LUMS,#GetWellSoonPMIK,8
#LUMS,#GetWellSoonImranKhan,8
#LUMS,#جیو_ہزاروں_سال_کپتان,8
#LUMS,#lockdown,2
#LUMS,#BreakingNews,2
#LUMS,#BREAKING,2
#LUMS,#INDvENG,2
#LUMS,#BTSV,2
#LUMS,#JUSTICE,2
#LUMS,#CoupleGoals,2
#LUMS,#HanKer,2
#LUMS,#JusticeLeague,2
#LUMS,#ADA,2
#LUMS,#FarmersProtest,2
#LUMS,#JUNGKOOK,2
#LUMS,#GetWellSoonSkipper,2
#LUMS,#ImranKhanMyPM,3
#LUMS,#imrankhancovidpositive,3
#LUMS,#PrimeMinisterImrankhan,3
#LUMS,#PMIK,3
#LUMS,#londonprotest,3
#LUMS,#INDvsENG,3
#GetWellSoonPMIK,#GetWellSoonImranKhan,8
#GetWellSoonPMIK,#جیو_ہزاروں_سال_کپتان,8
#GetWellSoonPMIK,#نیازی_قبرمیں_سکون_کرو,4
#GetWellSoonPMIK,#GetWellSoonSkipper,4
#GetWellSoonPMIK,#IndusAapSeHai,4
#GetWellSoonPMIK,#NizamBadloBikeRally23rdMarch,4
#GetWellSoonPMIK,#ImranKhanMyPM,3
#GetWellSoonPMIK,#imrankhancovidpositive,3
#GetWellSoonPMIK,#PrimeMinisterImrankhan,3
#GetWellSoonPMIK,#PMIK,3
#GetWellSoonPMIK,#londonprotest,3
#GetWellSoonPMIK,#INDvsENG,3
#GetWellSoonImranKhan,#جیو_ہزاروں_سال_کپتان,8
#GetWellSoonImranKhan,#ImranKhanMyPM,3
#GetWellSoonImranKhan,#imrankhancovidpositive,3
#GetWellSoonImranKhan,#PrimeMinisterImrankhan,3
#GetWellSoonImranKhan,#PMIK,3
#GetWellSoonImranKhan,#londonprotest,3
#GetWellSoonImranKhan,#INDvsENG,3
#جیو_ہزاروں_سال_کپتان,#Corona,1
#جیو_ہزاروں_سال_کپتان,#Kaptaan,1
#جیو_ہزاروں_سال_کپتان,#Vaccination,1
#جیو_ہزاروں_سال_کپتان,#GetWellSoonSkipper,8
#جیو_ہزاروں_سال_کپتان,#سلام_یاامیرالمجاہدین,3
#جیو_ہزاروں_سال_کپتان,#نیازی_قبرمیں_سکون_کرو,6
#جیو_ہزاروں_سال_کپتان,#lockdown,2
#جیو_ہزاروں_سال_کپتان,#PMImranKhan,2
#جیو_ہزاروں_سال_کپتان,#Restoresaaraaab,1
#جیو_ہزاروں_سال_کپتان,#ImranKhanMyPM,3
#جیو_ہزاروں_سال_کپتان,#imrankhancovidpositive,3
#جیو_ہزاروں_سال_کپتان,#PrimeMinisterImrankhan,3
#جیو_ہزاروں_سال_کپتان,#PMIK,3
#جیو_ہزاروں_سال_کپتان,#londonprotest,3
#جیو_ہزاروں_سال_کپتان,#INDvsENG,3
#motorayincident,#womenvoilence,1
#motorayincident,#crime,1
#motorayincident,#court,1
#motorayincident,#breaking,1
#womenvoilence,#crime,2
#womenvoilence,#court,2
#womenvoilence,#breaking,1
#womenvoilence,#breakingnews,1
#crime,#court,2
#crime,#breaking,1
#crime,#breakingnews,1
#court,#breaking,1
#court,#breakingnews,1
#AlanpurNews,#BreakingNews,1
#AlanpurNews,#abidmalhi,1
#AlanpurNews,#shafqatbagga,1
#BreakingNews,#abidmalhi,1
#BreakingNews,#shafqatbagga,1
#BreakingNews,#19thMarchLahoreDharna,1
#BreakingNews,#Sinopharm,1
#BreakingNews,#PakistanMovingForward,1
#BreakingNews,#10bmnews,4
#BreakingNews,#latestnews,4
#BreakingNews,#CapitalTV,1
#BreakingNews,#AbidMalhi,1
#BreakingNews,#ShafqatAli,1
#BreakingNews,#ARYNews,1
#BreakingNews,#lockdown,2
#BreakingNews,#BREAKING,5
#BreakingNews,#INDvENG,3
#BreakingNews,#BTSV,2
#BreakingNews,#JUSTICE,2
#BreakingNews,#CoupleGoals,2
#BreakingNews,#HanKer,2
#BreakingNews,#JusticeLeague,2
#BreakingNews,#ADA,2
#BreakingNews,#FarmersProtest,2
#BreakingNews,#JUNGKOOK,2
#BreakingNews,#GetWellSoonSkipper,2
#BreakingNews,#AnilDeshmukh,1
#abidmalhi,#shafqatbagga,1
#Corona,#Kaptaan,1
#Corona,#Vaccination,1
#Kaptaan,#Vaccination,1
#19thMarchLahoreDharna,#Sinopharm,1
#19thMarchLahoreDharna,#PakistanMovingForward,1
#Sinopharm,#PakistanMovingForward,1
#GetWellSoonSkipper,#motherlove,1
#GetWellSoonSkipper,#MothersDay2021,1
#GetWellSoonSkipper,#GalaxyA52,1
#GetWellSoonSkipper,#BuryingKashmirIsRejected,1
#GetWellSoonSkipper,#zohaibkhan,1
#GetWellSoonSkipper,#zkwrites,1
#GetWellSoonSkipper,#Court,1
#GetWellSoonSkipper,#نیازی_قبرمیں_سکون_کرو,8
#GetWellSoonSkipper,#IndusAapSeHai,4
#GetWellSoonSkipper,#NizamBadloBikeRally23rdMarch,4
#GetWellSoonSkipper,#سلام_یاامیرالمجاہدین,3
#GetWellSoonSkipper,#lockdown,4
#GetWellSoonSkipper,#BREAKING,2
#GetWellSoonSkipper,#INDvENG,2
#GetWellSoonSkipper,#BTSV,2
#GetWellSoonSkipper,#JUSTICE,2
#GetWellSoonSkipper,#CoupleGoals,2
#GetWellSoonSkipper,#HanKer,2
#GetWellSoonSkipper,#JusticeLeague,2
#GetWellSoonSkipper,#ADA,2
#GetWellSoonSkipper,#FarmersProtest,2
#GetWellSoonSkipper,#JUNGKOOK,2
#GetWellSoonSkipper,#PMImranKhan,2
#JUSTICE,#lockdown,2
#JUSTICE,#BREAKING,2
#JUSTICE,#INDvENG,2
#JUSTICE,#BTSV,2
#JUSTICE,#CoupleGoals,2
#JUSTICE,#HanKer,2
#JUSTICE,#JusticeLeague,2
#JUSTICE,#ADA,2
#JUSTICE,#FarmersProtest,2
#JUSTICE,#JUNGKOOK,2
#نیازی_قبرمیں_سکون_کرو,#IndusAapSeHai,4
#نیازی_قبرمیں_سکون_کرو,#NizamBadloBikeRally23rdMarch,4
#نیازی_قبرمیں_سکون_کرو,#سلام_یاامیرالمجاہدین,2
#نیازی_قبرمیں_سکون_کرو,#lockdown,2
#نیازی_قبرمیں_سکون_کرو,#PMImranKhan,2
#نیازی_قبرمیں_سکون_کرو,#Restoresaaraaab,1
#motherlove,#MothersDay2021,1
#GalaxyA52,#BuryingKashmirIsRejected,1
#GalaxyA52,#zohaibkhan,1
#GalaxyA52,#zkwrites,1
#GalaxyA52,#Court,1
#BuryingKashmirIsRejected,#zohaibkhan,1
#BuryingKashmirIsRejected,#zkwrites,1
#BuryingKashmirIsRejected,#Court,1
#BuryingKashmirIsRejected,#visiongraphic,1
#BuryingKashmirIsRejected,#Restoresaaraaab,1
#BuryingKashmirIsRejected,#kaptaan,1
#BuryingKashmirIsRejected,#Quran,1
#BuryingKashmirIsRejected,#WhatsApp,1
#BuryingKashmirIsRejected,#UCLdraw,1
#BuryingKashmirIsRejected,#ATEEZ,1
#BuryingKashmirIsRejected,#Dubai,1
#BuryingKashmirIsRejected,#GIDLE,1
#zohaibkhan,#zkwrites,1
#zohaibkhan,#Court,1
#zkwrites,#Court,1
#Court,#rapper,1
#Court,#abused,1
#Court,#Violence,1
#Court,#Police,1
#Court,#AbidMalhi,1
#Court,#DeathSentence,1
#10bmnews,#latestnews,4
#10bmnews,#BREAKING,3
#10bmnews,#INDvENG,1
#10bmnews,#AnilDeshmukh,1
#latestnews,#BREAKING,3
#latestnews,#INDvENG,1
#latestnews,#AnilDeshmukh,1
#IndusAapSeHai,#NizamBadloBikeRally23rdMarch,4
#CapitalTV,#AbidMalhi,1
#CapitalTV,#ShafqatAli,1
#CapitalTV,#PDM,3
#CapitalTV,#SaddiqulFarooq,3
#AbidMalhi,#ShafqatAli,3
#AbidMalhi,#INCPAK,1
#AbidMalhi,#rapper,1
#AbidMalhi,#abused,1
#AbidMalhi,#Violence,1
#AbidMalhi,#Police,1
#AbidMalhi,#DeathSentence,1
#AbidMalhi,#GeoNews,1
#ShafqatAli,#INCPAK,1
#ShafqatAli,#GeoNews,1
#mksw85official,#ImperialNews92,2
#PDM,#SaddiqulFarooq,3
#PDM,#Newsonepk,2
#PDM,#MazratKaySaath,2
#PDM,#PTIGovernment,2
#PDM,#JUIF,2
#PDM,#PPP,2
#PDM,#PTI,2
#PDM,#PMLN,2
#PDM,#MaryamNawaz,2
#PDM,#BilawalBhutto,2
#PDM,#FazalurRehman,2
#justiceserved,#death_for_rapists,1
#visiongraphic,#Restoresaaraaab,1
#visiongraphic,#kaptaan,1
#visiongraphic,#Quran,1
#visiongraphic,#WhatsApp,1
#visiongraphic,#UCLdraw,1
#visiongraphic,#ATEEZ,1
#visiongraphic,#Dubai,1
#visiongraphic,#GIDLE,1
#Restoresaaraaab,#kaptaan,1
#Restoresaaraaab,#Quran,1
#Restoresaaraaab,#WhatsApp,1
#Restoresaaraaab,#UCLdraw,1
#Restoresaaraaab,#ATEEZ,1
#Restoresaaraaab,#Dubai,1
#Restoresaaraaab,#GIDLE,1
#Restoresaaraaab,#INDvsENG,1
#kaptaan,#Quran,1
#kaptaan,#WhatsApp,1
#kaptaan,#UCLdraw,1
#kaptaan,#ATEEZ,1
#kaptaan,#Dubai,1
#kaptaan,#GIDLE,1
#Quran,#WhatsApp,1
#Quran,#UCLdraw,1
#Quran,#ATEEZ,1
#Quran,#Dubai,1
#Quran,#GIDLE,1
#WhatsApp,#UCLdraw,1
#WhatsApp,#ATEEZ,1
#WhatsApp,#Dubai,1
#WhatsApp,#GIDLE,1
#UCLdraw,#ATEEZ,1
#UCLdraw,#Dubai,1
#UCLdraw,#GIDLE,1
#ATEEZ,#Dubai,1
#ATEEZ,#GIDLE,1
#Dubai,#GIDLE,1
#londonprotest,#colorclause,1
#londonprotest,#Fiverr,1
#londonprotest,#TheFalconAndTheWinterSoldier,1
#londonprotest,#twitch,1
#londonprotest,#got7radio,1
#londonprotest,#Fortnite,1
#londonprotest,#INDvsENG,4
#londonprotest,#JasminBhasin,1
#londonprotest,#JAYB,1
#londonprotest,#kalytera,1
#londonprotest,#Marjaneya,1
#londonprotest,#OC,1
#londonprotest,#pordenoneday,1
#londonprotest,#RRRMovie,1
#londonprotest,#SaturdayMotivation,1
#londonprotest,#ViratKohli,1
#londonprotest,#ImranKhanMyPM,3
#londonprotest,#imrankhancovidpositive,3
#londonprotest,#PrimeMinisterImrankhan,3
#londonprotest,#PMIK,3
#Newsonepk,#MazratKaySaath,2
#Newsonepk,#PTIGovernment,2
#Newsonepk,#JUIF,2
#Newsonepk,#PPP,2
#Newsonepk,#PTI,2
#Newsonepk,#PMLN,2
#Newsonepk,#MaryamNawaz,2
#Newsonepk,#BilawalBhutto,2
#Newsonepk,#FazalurRehman,2
#MazratKaySaath,#PTIGovernment,2
#MazratKaySaath,#JUIF,2
#MazratKaySaath,#PPP,2
#MazratKaySaath,#PTI,2
#MazratKaySaath,#PMLN,2
#MazratKaySaath,#MaryamNawaz,2
#MazratKaySaath,#BilawalBhutto,2
#MazratKaySaath,#FazalurRehman,2
#PTIGovernment,#JUIF,2
#PTIGovernment,#PPP,2
#PTIGovernment,#PTI,2
#PTIGovernment,#PMLN,2
#PTIGovernment,#MaryamNawaz,2
#PTIGovernment,#BilawalBhutto,2
#PTIGovernment,#FazalurRehman,2
#JUIF,#PPP,2
#JUIF,#PTI,2
#JUIF,#PMLN,2
#JUIF,#MaryamNawaz,2
#JUIF,#BilawalBhutto,2
#JUIF,#FazalurRehman,2
#PPP,#PTI,2
#PPP,#PMLN,2
#PPP,#MaryamNawaz,2
#PPP,#BilawalBhutto,2
#PPP,#FazalurRehman,2
#PTI,#PMLN,2
#PTI,#MaryamNawaz,2
#PTI,#BilawalBhutto,2
#PTI,#FazalurRehman,2
#PMLN,#MaryamNawaz,2
#PMLN,#BilawalBhutto,2
#PMLN,#FazalurRehman,2
#MaryamNawaz,#BilawalBhutto,2
#MaryamNawaz,#FazalurRehman,2
#BilawalBhutto,#FazalurRehman,2
#INDvsENG,#colorclause,1
#INDvsENG,#Fiverr,1
#INDvsENG,#TheFalconAndTheWinterSoldier,1
#INDvsENG,#twitch,1
#INDvsENG,#got7radio,1
#INDvsENG,#Fortnite,1
#INDvsENG,#JasminBhasin,1
#INDvsENG,#JAYB,1
#INDvsENG,#kalytera,1
#INDvsENG,#Marjaneya,1
#INDvsENG,#OC,1
#INDvsENG,#pordenoneday,1
#INDvsENG,#RRRMovie,1
#INDvsENG,#SaturdayMotivation,1
#INDvsENG,#ViratKohli,1
#INDvsENG,#ImranKhanMyPM,3
#INDvsENG,#imrankhancovidpositive,3
#INDvsENG,#PrimeMinisterImrankhan,3
#INDvsENG,#PMIK,3
#lockdown,#BREAKING,2
#lockdown,#INDvENG,2
#lockdown,#BTSV,2
#lockdown,#CoupleGoals,2
#lockdown,#HanKer,2
#lockdown,#JusticeLeague,2
#lockdown,#ADA,2
#lockdown,#FarmersProtest,2
#lockdown,#JUNGKOOK,2
#lockdown,#PMImranKhan,2
#BREAKING,#INDvENG,3
#BREAKING,#BTSV,2
#BREAKING,#CoupleGoals,2
#BREAKING,#HanKer,2
#BREAKING,#JusticeLeague,2
#BREAKING,#ADA,2
#BREAKING,#FarmersProtest,2
#BREAKING,#JUNGKOOK,2
#BREAKING,#AnilDeshmukh,1
#INDvENG,#BTSV,2
#INDvENG,#CoupleGoals,2
#INDvENG,#HanKer,2
#INDvENG,#JusticeLeague,2
#INDvENG,#ADA,2
#INDvENG,#FarmersProtest,2
#INDvENG,#JUNGKOOK,2
#INDvENG,#AnilDeshmukh,1
#BTSV,#CoupleGoals,2
#BTSV,#HanKer,2
#BTSV,#JusticeLeague,2
#BTSV,#ADA,2
#BTSV,#FarmersProtest,2
#BTSV,#JUNGKOOK,2
#CoupleGoals,#HanKer,2
#CoupleGoals,#JusticeLeague,2
#CoupleGoals,#ADA,2
#CoupleGoals,#FarmersProtest,2
#CoupleGoals,#JUNGKOOK,2
#HanKer,#JusticeLeague,2
#HanKer,#ADA,2
#HanKer,#FarmersProtest,2
#HanKer,#JUNGKOOK,2
#JusticeLeague,#ADA,2
#JusticeLeague,#FarmersProtest,2
#JusticeLeague,#JUNGKOOK,2
#ADA,#FarmersProtest,2
#ADA,#JUNGKOOK,2
#FarmersProtest,#JUNGKOOK,2
#colorclause,#Fiverr,1
#colorclause,#TheFalconAndTheWinterSoldier,1
#colorclause,#twitch,1
#colorclause,#got7radio,1
#colorclause,#Fortnite,1
#colorclause,#JasminBhasin,1
#colorclause,#JAYB,1
#colorclause,#kalytera,1
#colorclause,#Marjaneya,1
#colorclause,#OC,1
#colorclause,#pordenoneday,1
#colorclause,#RRRMovie,1
#colorclause,#SaturdayMotivation,1
#colorclause,#ViratKohli,1
#Fiverr,#TheFalconAndTheWinterSoldier,1
#Fiverr,#twitch,1
#Fiverr,#got7radio,1
#Fiverr,#Fortnite,1
#Fiverr,#JasminBhasin,1
#Fiverr,#JAYB,1
#Fiverr,#kalytera,1
#Fiverr,#Marjaneya,1
#Fiverr,#OC,1
#Fiverr,#pordenoneday,1
#Fiverr,#RRRMovie,1
#Fiverr,#SaturdayMotivation,1
#Fiverr,#ViratKohli,1
#TheFalconAndTheWinterSoldier,#twitch,1
#TheFalconAndTheWinterSoldier,#got7radio,1
#TheFalconAndTheWinterSoldier,#Fortnite,1
#TheFalconAndTheWinterSoldier,#JasminBhasin,1
#TheFalconAndTheWinterSoldier,#JAYB,1
#TheFalconAndTheWinterSoldier,#kalytera,1
#TheFalconAndTheWinterSoldier,#Marjaneya,1
#TheFalconAndTheWinterSoldier,#OC,1
#TheFalconAndTheWinterSoldier,#pordenoneday,1
#TheFalconAndTheWinterSoldier,#RRRMovie,1
#TheFalconAndTheWinterSoldier,#SaturdayMotivation,1
#TheFalconAndTheWinterSoldier,#ViratKohli,1
#twitch,#got7radio,1
#twitch,#Fortnite,1
#twitch,#JasminBhasin,1
#twitch,#JAYB,1
#twitch,#kalytera,1
#twitch,#Marjaneya,1
#twitch,#OC,1
#twitch,#pordenoneday,1
#twitch,#RRRMovie,1
#twitch,#SaturdayMotivation,1
#twitch,#ViratKohli,1
#got7radio,#Fortnite,1
#got7radio,#JasminBhasin,1
#got7radio,#JAYB,1
#got7radio,#kalytera,1
#got7radio,#Marjaneya,1
#got7radio,#OC,1
#got7radio,#pordenoneday,1
#got7radio,#RRRMovie,1
#got7radio,#SaturdayMotivation,1
#got7radio,#ViratKohli,1
#Fortnite,#JasminBhasin,1
#Fortnite,#JAYB,1
#Fortnite,#kalytera,1
#Fortnite,#Marjaneya,1
#Fortnite,#OC,1
#Fortnite,#pordenoneday,1
#Fortnite,#RRRMovie,1
#Fortnite,#SaturdayMotivation,1
#Fortnite,#ViratKohli,1
#JasminBhasin,#JAYB,1
#JasminBhasin,#kalytera,1
#JasminBhasin,#Marjaneya,1
#JasminBhasin,#OC,1
#JasminBhasin,#pordenoneday,1
#JasminBhasin,#RRRMovie,1
#JasminBhasin,#SaturdayMotivation,1
#JasminBhasin,#ViratKohli,1
#JAYB,#kalytera,1
#JAYB,#Marjaneya,1
#JAYB,#OC,1
#JAYB,#pordenoneday,1
#JAYB,#RRRMovie,1
#JAYB,#SaturdayMotivation,1
#JAYB,#ViratKohli,1
#kalytera,#Marjaneya,1
#kalytera,#OC,1
#kalytera,#pordenoneday,1
#kalytera,#RRRMovie,1
#kalytera,#SaturdayMotivation,1
#kalytera,#ViratKohli,1
#Marjaneya,#OC,1
#Marjaneya,#pordenoneday,1
#Marjaneya,#RRRMovie,1
#Marjaneya,#SaturdayMotivation,1
#Marjaneya,#ViratKohli,1
#OC,#pordenoneday,1
#OC,#RRRMovie,1
#OC,#SaturdayMotivation,1
#OC,#ViratKohli,1
#pordenoneday,#RRRMovie,1
#pordenoneday,#SaturdayMotivation,1
#pordenoneday,#ViratKohli,1
#RRRMovie,#SaturdayMotivation,1
#RRRMovie,#ViratKohli,1
#SaturdayMotivation,#ViratKohli,1
#IslamicLaw,#Positive,1
#IslamicLaw,#Crimes,1
#IslamicLaw,#RiasatEMadina,1
#Positive,#Crimes,1
#Positive,#RiasatEMadina,1
#Crimes,#RiasatEMadina,1
#DeathSentence,#rapper,1
#DeathSentence,#abused,1
#DeathSentence,#Violence,1
#DeathSentence,#Police,1
#Bayern,#Lewy,2
#Bayern,#Dortmund,2
#Bayern,#Igbos,2
#Bayern,#Batman,2
#Bayern,#aneketwins,2
#Bayern,#Makinde,2
#Bayern,#kerabling,2
#Bayern,#obuasi,2
#Bayern,#atwinsdesign,2
#Bayern,#aneketwinstv,2
#Bayern,#SaintsFC,2
#Lewy,#Dortmund,2
#Lewy,#Igbos,2
#Lewy,#Batman,2
#Lewy,#aneketwins,2
#Lewy,#Makinde,2
#Lewy,#kerabling,2
#Lewy,#obuasi,2
#Lewy,#atwinsdesign,2
#Lewy,#aneketwinstv,2
#Lewy,#SaintsFC,2
#Dortmund,#Igbos,2
#Dortmund,#Batman,2
#Dortmund,#aneketwins,2
#Dortmund,#Makinde,2
#Dortmund,#kerabling,2
#Dortmund,#obuasi,2
#Dortmund,#atwinsdesign,2
#Dortmund,#aneketwinstv,2
#Dortmund,#SaintsFC,2
#Igbos,#Batman,2
#Igbos,#aneketwins,2
#Igbos,#Makinde,2
#Igbos,#kerabling,2
#Igbos,#obuasi,2
#Igbos,#atwinsdesign,2
#Igbos,#aneketwinstv,2
#Igbos,#SaintsFC,2
#Batman,#aneketwins,2
#Batman,#Makinde,2
#Batman,#kerabling,2
#Batman,#obuasi,2
#Batman,#atwinsdesign,2
#Batman,#aneketwinstv,2
#Batman,#SaintsFC,2
#aneketwins,#Makinde,2
#aneketwins,#kerabling,2
#aneketwins,#obuasi,2
#aneketwins,#atwinsdesign,2
#aneketwins,#aneketwinstv,2
#aneketwins,#SaintsFC,2
#Makinde,#kerabling,2
#Makinde,#obuasi,2
#Makinde,#atwinsdesign,2
#Makinde,#aneketwinstv,2
#Makinde,#SaintsFC,2
#kerabling,#obuasi,2
#kerabling,#atwinsdesign,2
#kerabling,#aneketwinstv,2
#kerabling,#SaintsFC,2
#obuasi,#atwinsdesign,2
#obuasi,#aneketwinstv,2
#obuasi,#SaintsFC,2
#atwinsdesign,#aneketwinstv,2
#atwinsdesign,#SaintsFC,2
#aneketwinstv,#SaintsFC,2
#goodnight,#PositiveVibesOnly,2
#goodnight,#motivation,2
#goodnight,#MotivationalQuotes,2
#PositiveVibesOnly,#motivation,2
#PositiveVibesOnly,#MotivationalQuotes,2
#motivation,#MotivationalQuotes,2
#rapper,#abused,1
#rapper,#Violence,1
#rapper,#Police,1
#abused,#Violence,1
#abused,#Police,1
#Violence,#Police,1
#ImranKhanMyPM,#imrankhancovidpositive,3
#ImranKhanMyPM,#PrimeMinisterImrankhan,3
#ImranKhanMyPM,#PMIK,3
#imrankhancovidpositive,#PrimeMinisterImrankhan,3
#imrankhancovidpositive,#PMIK,3
#PrimeMinisterImrankhan,#PMIK,3
